,Black,Grey,White,Green,Blue
0,3850.0,200272.0,10263.0,25731.0,89164.0
1,14028.0,162089.0,19166.0,48016.0,2167.0
2,19455.0,274818.0,3945.0,20980.0,11679.0
3,7073.0,193789.0,4232.0,32465.0,55415.0
4,11455.0,124555.0,8199.0,54746.0,22808.0
5,4945.0,208102.0,11314.0,30478.0,43373.0
6,6650.0,203355.0,9762.0,20283.0,65628.0
7,5380.0,234206.0,8863.0,27897.0,51934.0
8,19477.0,241724.0,19544.0,32948.0,5417.0
9,5462.0,181670.0,4331.0,27805.0,8813.0
10,8864.0,231832.0,8628.0,16952.0,1048.0
11,5272.0,236442.0,5063.0,11249.0,18296.0
12,11464.0,240039.0,5723.0,14193.0,10362.0
13,7712.0,289768.0,12888.0,12586.0,7543.0
14,8014.0,288668.0,12904.0,12932.0,6966.0
15,10436.0,286774.0,13207.0,12812.0,4976.0
16,21056.0,158353.0,16938.0,43003.0,8634.0
17,28031.0,183402.0,7437.0,72019.0,2694.0
18,9805.0,282997.0,2047.0,30191.0,4861.0
19,13462.0,204106.0,4775.0,28408.0,1384.0
20,15260.0,141648.0,6977.0,25265.0,2954.0
21,11804.0,194169.0,14411.0,41038.0,57796.0
22,16514.0,189665.0,13371.0,74879.0,19595.0
23,17557.0,258954.0,10926.0,37665.0,5393.0
24,16013.0,169445.0,30117.0,20398.0,1667.0
25,16478.0,161885.0,25913.0,30072.0,575.0
26,8799.0,197874.0,12221.0,31797.0,87668.0
27,18704.0,202352.0,7212.0,31647.0,73402.0
28,10530.0,232910.0,5591.0,43364.0,48488.0
29,14524.0,207372.0,16088.0,23762.0,56538.0
30,22427.0,246528.0,7755.0,53850.0,3835.0
31,23494.0,254218.0,9699.0,15707.0,9983.0
32,5985.0,219494.0,36786.0,41790.0,4089.0
33,5128.0,223031.0,12618.0,13736.0,1173.0
34,9929.0,229779.0,2971.0,33715.0,43598.0
35,16815.0,244554.0,10048.0,34251.0,35072.0
36,24500.0,271811.0,7365.0,36026.0,5450.0
37,8769.0,198599.0,12438.0,39394.0,72403.0
38,9846.0,207584.0,7986.0,19935.0,85392.0
39,24583.0,141964.0,36184.0,86297.0,23561.0
40,13213.0,182966.0,13470.0,76362.0,3882.0
41,7470.0,150776.0,18284.0,47378.0,3491.0
42,14840.0,173573.0,11025.0,23525.0,1733.0
43,8911.0,208961.0,7300.0,25688.0,13891.0
44,10494.0,161131.0,43581.0,37917.0,1066.0
45,15369.0,204048.0,18140.0,42597.0,1506.0
46,22733.0,172240.0,11147.0,50077.0,4138.0
47,6743.0,204457.0,14468.0,31424.0,7273.0
48,29192.0,185917.0,8759.0,50455.0,1096.0
49,4896.0,188998.0,4385.0,14860.0,15684.0
50,6599.0,170548.0,4753.0,22141.0,15512.0
51,7117.0,168111.0,5068.0,18511.0,15259.0
52,4167.0,219447.0,2068.0,8052.0,657.0
53,7251.0,240176.0,18930.0,22974.0,21968.0
54,5593.0,186569.0,20008.0,24981.0,6717.0
55,16636.0,205307.0,8409.0,20904.0,12073.0
56,13857.0,258768.0,11154.0,14303.0,9897.0
57,13542.0,160996.0,15571.0,43319.0,2899.0
58,24757.0,240005.0,9927.0,30355.0,7706.0
59,17888.0,202273.0,18718.0,32823.0,6867.0
60,8071.0,153536.0,20059.0,29213.0,5090.0
61,32154.0,223228.0,11219.0,44540.0,22224.0
62,3505.0,205911.0,2548.0,12940.0,17937.0
63,10464.0,286601.0,13206.0,12714.0,5365.0
64,14370.0,232325.0,8540.0,27520.0,49196.0
65,6039.0,280156.0,9137.0,24204.0,3341.0
66,12765.0,183579.0,6823.0,26781.0,1271.0
67,32124.0,224433.0,5051.0,28189.0,1342.0
68,13950.0,206929.0,9678.0,44641.0,62256.0
69,15570.0,206742.0,10758.0,35136.0,64218.0
70,22787.0,277493.0,4803.0,23876.0,1417.0
71,21745.0,207678.0,19900.0,44997.0,20660.0
72,25249.0,214450.0,17609.0,42082.0,12671.0
73,8455.0,177704.0,13768.0,67908.0,11735.0
74,7179.0,234152.0,48898.0,30011.0,2230.0
75,22881.0,255259.0,12513.0,32696.0,9081.0
76,23567.0,237506.0,15996.0,41684.0,6839.0
77,28214.0,180547.0,33453.0,64293.0,12731.0
78,12595.0,235853.0,4640.0,44600.0,20722.0
79,13131.0,214895.0,25793.0,44223.0,16272.0
80,15461.0,238495.0,4456.0,24964.0,1954.0
81,30521.0,206530.0,7961.0,45546.0,2867.0
82,19713.0,240466.0,880.0,16025.0,5218.0
83,4110.0,298037.0,904.0,12278.0,6124.0
84,14909.0,186885.0,26648.0,56199.0,5951.0
85,1811.0,193594.0,4829.0,7917.0,996.0
86,25693.0,179128.0,25826.0,40533.0,637.0
87,21098.0,151563.0,4131.0,47040.0,319.0
88,9816.0,168632.0,32165.0,35384.0,10198.0
89,8412.0,172970.0,2676.0,26339.0,1162.0
90,12657.0,252294.0,2311.0,27490.0,1161.0
91,6971.0,255322.0,1685.0,14575.0,4249.0
92,26357.0,200414.0,5910.0,33004.0,3940.0
93,10804.0,246669.0,11763.0,30005.0,41574.0
94,6352.0,199801.0,5467.0,49599.0,61202.0
95,4164.0,198401.0,5995.0,41008.0,81814.0
96,7451.0,211197.0,6481.0,47099.0,62404.0
97,10102.0,182288.0,5918.0,55350.0,64851.0
98,18026.0,196822.0,6584.0,57023.0,46924.0
99,6951.0,156518.0,4222.0,31477.0,129450.0
100,6796.0,242638.0,7990.0,23374.0,32599.0
101,4217.0,252319.0,3954.0,16084.0,29599.0
102,8744.0,230731.0,3404.0,14822.0,27265.0
103,1975.0,174331.0,8706.0,10710.0,123372.0
104,1157.0,146136.0,6452.0,13433.0,128967.0
105,1842.0,158568.0,4436.0,27154.0,127160.0
106,8368.0,189137.0,39111.0,38224.0,1064.0
107,9755.0,235358.0,13440.0,18048.0,54166.0
108,26058.0,187478.0,12217.0,47552.0,33054.0
109,6077.0,196276.0,10605.0,42318.0,64233.0
110,19639.0,221224.0,20651.0,34003.0,46614.0
111,13332.0,189319.0,21501.0,52114.0,36820.0
112,40174.0,110511.0,36796.0,36901.0,2295.0
113,54796.0,134383.0,9980.0,53785.0,67734.0
114,9938.0,257880.0,9771.0,18958.0,42430.0
115,19486.0,247574.0,2313.0,45546.0,21044.0
116,2961.0,243330.0,7951.0,22422.0,57307.0
117,31235.0,186801.0,25263.0,89671.0,1998.0
118,24275.0,165182.0,26500.0,67075.0,20584.0
119,25796.0,182766.0,2460.0,60456.0,23129.0
120,14671.0,170283.0,46822.0,76868.0,9330.0
121,20776.0,180477.0,35865.0,48666.0,31630.0
122,9881.0,217330.0,69660.0,22704.0,3273.0
123,13964.0,182082.0,8808.0,61815.0,28917.0
124,5972.0,193831.0,9568.0,47343.0,57602.0
125,18955.0,229093.0,11107.0,25773.0,2261.0
126,7448.0,244403.0,4420.0,28014.0,30217.0
127,8652.0,198488.0,3244.0,22441.0,62894.0
128,12762.0,145568.0,10060.0,71902.0,15256.0
129,22693.0,170495.0,10300.0,62572.0,39648.0
130,9069.0,232883.0,5024.0,18801.0,62114.0
131,8822.0,204262.0,9292.0,28426.0,89524.0
132,16424.0,227445.0,7543.0,35622.0,50991.0
133,15241.0,197724.0,5209.0,40758.0,80603.0
134,12713.0,182492.0,29790.0,53019.0,25518.0
135,10631.0,216554.0,16463.0,24640.0,48367.0
136,14062.0,190996.0,12161.0,72989.0,5118.0
137,14096.0,235955.0,4418.0,48412.0,1441.0
138,24256.0,208481.0,1869.0,45728.0,2276.0
139,16832.0,202924.0,3446.0,46916.0,1349.0
140,20882.0,159081.0,2050.0,46718.0,1156.0
141,16161.0,172763.0,2524.0,42981.0,1247.0
142,16644.0,178751.0,1689.0,40140.0,1276.0
143,12063.0,222491.0,7928.0,41577.0,933.0
144,27805.0,209041.0,1272.0,64926.0,4109.0
145,54362.0,190326.0,10802.0,52618.0,10886.0
146,9962.0,198065.0,16894.0,28804.0,922.0
147,10730.0,270238.0,13748.0,25284.0,1772.0
148,13158.0,163763.0,2533.0,23223.0,1177.0
149,9337.0,236521.0,12891.0,11896.0,37791.0
150,6039.0,213610.0,26073.0,13755.0,1173.0
151,15397.0,196390.0,14348.0,32642.0,59060.0
152,7341.0,268986.0,12652.0,17875.0,9066.0
153,5441.0,250075.0,29107.0,21803.0,5077.0
154,7736.0,228309.0,16302.0,17783.0,36409.0
155,7761.0,198751.0,29799.0,25598.0,47032.0
156,12175.0,226621.0,49822.0,18695.0,4909.0
157,19696.0,158366.0,45388.0,38203.0,1758.0
158,17569.0,225741.0,18412.0,32593.0,3353.0
159,20418.0,181638.0,16607.0,22455.0,37571.0
160,7848.0,224851.0,44759.0,23642.0,9381.0
161,16506.0,241692.0,4987.0,17462.0,32197.0
162,18557.0,175163.0,4729.0,61467.0,67255.0
163,38226.0,216230.0,16429.0,31904.0,5077.0
164,23422.0,233348.0,9771.0,54161.0,8113.0
165,5613.0,238229.0,8211.0,12759.0,73330.0
166,2693.0,250884.0,11491.0,13631.0,41406.0
167,16297.0,206460.0,42334.0,35958.0,13146.0
168,9408.0,199569.0,10973.0,27183.0,55817.0
169,21475.0,243067.0,22789.0,24687.0,11407.0
170,26141.0,171741.0,11394.0,55840.0,69925.0
171,21768.0,230751.0,7733.0,38240.0,4389.0
172,16103.0,273626.0,10094.0,16776.0,19088.0
173,10856.0,204794.0,11352.0,81954.0,17295.0
174,15353.0,217032.0,13879.0,43326.0,38944.0
175,15421.0,217952.0,26645.0,47353.0,17242.0
176,13609.0,177749.0,44869.0,86410.0,4485.0
177,10065.0,190026.0,8249.0,25972.0,102270.0
178,8687.0,227242.0,7374.0,32259.0,50663.0
179,8997.0,293961.0,16198.0,19764.0,3633.0
180,6895.0,198812.0,8130.0,35009.0,79631.0
181,9442.0,255386.0,20015.0,21390.0,6070.0
182,10997.0,193599.0,15716.0,33592.0,66929.0
183,23991.0,197374.0,5898.0,21738.0,15788.0
184,26887.0,153615.0,49711.0,63413.0,7520.0
185,8491.0,214129.0,18655.0,16100.0,25310.0
186,8741.0,236081.0,11807.0,27940.0,982.0
187,8093.0,291614.0,7064.0,10281.0,19243.0
188,31743.0,172777.0,58376.0,37469.0,16415.0
189,24870.0,241401.0,6616.0,43885.0,15204.0
190,16012.0,210182.0,9129.0,70759.0,19356.0
191,10795.0,192222.0,13617.0,37444.0,68749.0
192,26744.0,150568.0,12089.0,59445.0,10170.0
193,8300.0,241722.0,12988.0,31223.0,31055.0
194,15352.0,197433.0,4350.0,22906.0,80713.0
195,11784.0,220623.0,21384.0,50979.0,22680.0
196,18472.0,202051.0,14577.0,73765.0,3801.0
197,15660.0,212696.0,11300.0,49348.0,3532.0
198,10835.0,270456.0,4521.0,19101.0,4486.0
199,13877.0,239910.0,23416.0,27942.0,7352.0
200,13824.0,180736.0,5914.0,41830.0,85117.0
201,13752.0,257457.0,5251.0,29298.0,27040.0
202,8958.0,214766.0,7305.0,31818.0,58429.0
203,14617.0,199943.0,7860.0,52257.0,56982.0
204,5960.0,172980.0,10246.0,37427.0,13181.0
205,4484.0,193082.0,13309.0,13190.0,1947.0
206,21591.0,228364.0,5930.0,34071.0,44957.0
207,14133.0,248937.0,20765.0,34580.0,7519.0
208,43517.0,144989.0,31629.0,56436.0,53418.0
209,6693.0,252354.0,7580.0,8221.0,50307.0
210,11569.0,287968.0,6120.0,21860.0,3406.0
211,6637.0,207972.0,3058.0,19939.0,4454.0
212,3181.0,193819.0,1113.0,13314.0,1037.0
213,3169.0,195050.0,1049.0,10783.0,1434.0
214,3476.0,213824.0,952.0,11773.0,2384.0
215,1651.0,277591.0,1647.0,10310.0,1730.0
216,3657.0,255666.0,2865.0,21890.0,690.0
217,5912.0,215175.0,7565.0,27984.0,1368.0
218,15020.0,236082.0,7940.0,31800.0,2466.0
219,16895.0,181733.0,18602.0,34925.0,1582.0
220,13936.0,247790.0,3862.0,51759.0,1404.0
221,6293.0,217811.0,844.0,28899.0,2026.0
222,11845.0,224578.0,10961.0,43756.0,3364.0
223,13576.0,151666.0,26980.0,69013.0,31349.0
224,17027.0,206431.0,21080.0,41452.0,20664.0
225,9616.0,209991.0,6966.0,23515.0,14056.0
226,7174.0,278783.0,9214.0,23317.0,13920.0
227,8153.0,207998.0,5080.0,23384.0,89487.0
228,10063.0,181093.0,14362.0,26026.0,5090.0
229,11556.0,214061.0,9793.0,9977.0,76432.0
230,24150.0,197704.0,46195.0,36861.0,3144.0
231,25933.0,176183.0,22063.0,67418.0,4881.0
232,18278.0,234945.0,14766.0,38108.0,27656.0
233,23296.0,201703.0,9501.0,47854.0,50000.0
234,12562.0,204529.0,21807.0,34467.0,44628.0
235,56839.0,187545.0,13350.0,59267.0,6599.0
236,22210.0,202241.0,3918.0,62709.0,40355.0
237,6902.0,201095.0,5052.0,31990.0,77830.0
238,13252.0,224604.0,34619.0,14672.0,3503.0
239,33357.0,193958.0,5446.0,43778.0,10632.0
240,7460.0,257534.0,8364.0,18829.0,36588.0
241,6021.0,205113.0,14929.0,75868.0,13065.0
242,30726.0,201606.0,4937.0,46926.0,3978.0
243,11462.0,303182.0,4629.0,17001.0,2038.0
244,14545.0,198950.0,39051.0,26159.0,10762.0
245,11723.0,284592.0,12237.0,16412.0,6069.0
246,37900.0,181610.0,15533.0,48837.0,7200.0
247,20846.0,219548.0,16775.0,30182.0,11355.0
248,15694.0,200149.0,10595.0,28705.0,69143.0
249,35352.0,159123.0,1910.0,43029.0,3022.0
250,51066.0,164517.0,39449.0,40432.0,3076.0
251,30834.0,149986.0,24444.0,42160.0,3801.0
252,9943.0,124694.0,22467.0,40764.0,5167.0
253,18959.0,239113.0,18963.0,53915.0,2691.0
254,20878.0,244901.0,13212.0,47274.0,1382.0
255,8559.0,227040.0,21077.0,16611.0,5493.0
256,13242.0,259390.0,16797.0,19053.0,1334.0
257,3203.0,221259.0,24757.0,8172.0,61217.0
258,2458.0,266750.0,17605.0,6687.0,22743.0
259,11570.0,210228.0,4641.0,22920.0,55701.0
260,44272.0,161971.0,30553.0,44809.0,9024.0
261,10593.0,243275.0,23839.0,22032.0,5893.0
262,3335.0,217986.0,33939.0,9768.0,66534.0
263,29185.0,185133.0,16712.0,19961.0,38615.0
264,13864.0,211209.0,11166.0,26897.0,35052.0
265,6399.0,207701.0,25693.0,15984.0,1903.0
266,9365.0,193832.0,15144.0,28189.0,2925.0
267,6100.0,278651.0,5724.0,10497.0,11729.0
268,2645.0,171561.0,3011.0,28463.0,113099.0
269,8199.0,234781.0,11239.0,11192.0,75637.0
270,7082.0,227824.0,27762.0,10300.0,49211.0
271,10478.0,216867.0,14198.0,39358.0,10593.0
272,10564.0,184836.0,14262.0,33239.0,2213.0
273,25107.0,170896.0,9510.0,41850.0,16212.0
274,11244.0,164505.0,24439.0,26224.0,3143.0
275,17371.0,136766.0,52974.0,37590.0,5023.0
276,14482.0,164562.0,28187.0,30990.0,1470.0
277,32864.0,189048.0,5187.0,27357.0,14862.0
278,11933.0,176966.0,25195.0,34011.0,4479.0
279,9623.0,208637.0,10663.0,49587.0,8039.0
280,8470.0,183207.0,22313.0,30372.0,1663.0
281,26558.0,143066.0,57013.0,33343.0,3167.0
282,25200.0,194916.0,23537.0,24336.0,1372.0
283,27677.0,146651.0,22251.0,47509.0,43794.0
284,41354.0,184792.0,22762.0,25604.0,1142.0
285,12869.0,214702.0,11096.0,44719.0,2889.0
286,70182.0,163763.0,3600.0,48788.0,2182.0
287,16006.0,191902.0,17485.0,37306.0,3606.0
288,11657.0,254898.0,5883.0,38052.0,5413.0
289,9535.0,249380.0,28810.0,29475.0,4125.0
290,8449.0,231275.0,18206.0,23821.0,3061.0
291,8633.0,191005.0,20608.0,32884.0,1956.0
292,15691.0,230375.0,11495.0,47995.0,6804.0
293,9780.0,251995.0,17404.0,32652.0,15741.0
294,34022.0,188791.0,21326.0,68269.0,22921.0
295,10477.0,284021.0,6710.0,17923.0,21165.0
296,13734.0,281646.0,8402.0,21348.0,6461.0
297,27273.0,130868.0,48727.0,34606.0,3232.0
298,15345.0,264477.0,4130.0,26539.0,3339.0
299,14857.0,239422.0,15584.0,36687.0,5607.0
300,27119.0,205295.0,23456.0,44546.0,2780.0
301,20771.0,158504.0,25064.0,63796.0,2579.0
302,6069.0,228610.0,18983.0,27762.0,35322.0
303,13364.0,266307.0,5796.0,14865.0,15814.0
304,13272.0,236789.0,8768.0,46190.0,1740.0
305,6954.0,138855.0,14554.0,23045.0,51157.0
306,25567.0,195832.0,21853.0,73840.0,3689.0
307,15796.0,167664.0,13713.0,74404.0,45814.0
308,13130.0,244231.0,8131.0,26457.0,11212.0
309,13409.0,197190.0,26521.0,57215.0,26952.0
310,16073.0,191011.0,13739.0,24181.0,68676.0
311,35681.0,193308.0,26373.0,56918.0,3844.0
312,18366.0,212760.0,10867.0,57745.0,28052.0
313,10723.0,247043.0,16748.0,32650.0,2219.0
314,66509.0,185103.0,3038.0,37173.0,1985.0
315,15364.0,173878.0,19373.0,31702.0,1173.0
316,20198.0,211357.0,10676.0,18792.0,68835.0
317,4198.0,182878.0,11031.0,12773.0,1007.0
318,14614.0,218144.0,1494.0,24418.0,3100.0
319,7895.0,197278.0,9398.0,37066.0,2365.0
320,19424.0,191371.0,16669.0,21586.0,4889.0
321,7013.0,172701.0,20761.0,29872.0,2831.0
322,10694.0,166105.0,2288.0,51162.0,6546.0
323,19479.0,161994.0,36732.0,83211.0,7665.0
324,26571.0,142488.0,38870.0,101002.0,10496.0
325,12012.0,269151.0,9710.0,23291.0,3680.0
326,4715.0,270152.0,5698.0,24769.0,3780.0
327,14705.0,260088.0,7187.0,30570.0,926.0
328,6837.0,256507.0,8386.0,19011.0,806.0
329,13036.0,256261.0,10195.0,22382.0,2240.0
330,15592.0,202912.0,20017.0,28061.0,2065.0
331,26283.0,231501.0,11936.0,27101.0,10681.0
332,14964.0,254939.0,2417.0,46798.0,1441.0
333,4749.0,231318.0,8383.0,10799.0,2712.0
334,9725.0,240666.0,13383.0,14821.0,6539.0
335,10141.0,191774.0,13491.0,40768.0,59875.0
336,3039.0,207357.0,12851.0,18049.0,78843.0
337,7663.0,245069.0,25822.0,27812.0,6219.0
338,28959.0,224248.0,7885.0,62392.0,5268.0
339,19437.0,190140.0,28750.0,63175.0,7769.0
340,45566.0,137842.0,8659.0,61712.0,78564.0
341,8138.0,200429.0,21129.0,28244.0,55905.0
342,32307.0,225529.0,15902.0,36647.0,6444.0
343,8759.0,218911.0,12079.0,29608.0,37378.0
344,20542.0,219570.0,7905.0,39655.0,16997.0
345,10780.0,239331.0,2681.0,22438.0,12815.0
346,16976.0,230099.0,22668.0,34487.0,4142.0
347,32390.0,237225.0,7913.0,20941.0,4678.0
348,27877.0,222045.0,15239.0,38092.0,14358.0
349,13807.0,200866.0,3607.0,28827.0,76818.0
350,11147.0,202725.0,4259.0,41665.0,74020.0
351,40841.0,206348.0,6196.0,50000.0,3702.0
352,9539.0,217146.0,14147.0,23739.0,52958.0
353,21626.0,177791.0,13526.0,45701.0,57944.0
354,14775.0,206606.0,21499.0,39160.0,2066.0
355,5636.0,153457.0,21328.0,28089.0,29139.0
356,7772.0,176700.0,11654.0,28023.0,18666.0
357,14177.0,142780.0,53386.0,17586.0,1994.0
358,3111.0,211883.0,12461.0,8373.0,24260.0
359,6970.0,205227.0,7815.0,37509.0,3588.0
360,11024.0,183146.0,21836.0,26328.0,1968.0
361,11391.0,171973.0,24820.0,23604.0,31082.0
362,17154.0,214817.0,28369.0,39909.0,4528.0
363,7356.0,273916.0,36025.0,11273.0,3299.0
364,11834.0,206578.0,37751.0,37583.0,5939.0
365,18886.0,229514.0,10999.0,22355.0,2248.0
366,71186.0,186490.0,19962.0,41185.0,4152.0
367,12587.0,211814.0,32232.0,40528.0,7458.0
368,24176.0,207826.0,20353.0,39138.0,2621.0
369,8579.0,236924.0,9904.0,19525.0,1550.0
370,11421.0,235009.0,10558.0,33595.0,1784.0
371,15252.0,255003.0,4967.0,25963.0,2912.0
372,5687.0,256042.0,1466.0,14316.0,5076.0
373,3824.0,161623.0,21295.0,31378.0,91564.0
374,10000.0,299855.0,11083.0,15797.0,6356.0
375,2840.0,191317.0,9182.0,12375.0,126772.0
376,4758.0,182805.0,11157.0,20157.0,112852.0
377,16988.0,192226.0,7533.0,57433.0,63608.0
378,9716.0,207124.0,12576.0,25535.0,7762.0
379,21469.0,213014.0,17034.0,26868.0,13857.0
380,14053.0,200827.0,39466.0,46700.0,8860.0
381,15804.0,172598.0,27688.0,32690.0,5177.0
382,7736.0,220219.0,14465.0,24837.0,1769.0
383,31802.0,195905.0,10980.0,30682.0,2093.0
384,7180.0,179522.0,6648.0,30659.0,62490.0
385,12031.0,145500.0,2689.0,13125.0,10221.0
386,8779.0,145936.0,564.0,47991.0,11086.0
387,4501.0,196710.0,6540.0,16816.0,819.0
388,4202.0,242676.0,31613.0,28220.0,5567.0
389,7045.0,238246.0,4771.0,13596.0,3976.0
390,9835.0,182002.0,11090.0,29819.0,3958.0
391,10998.0,266121.0,10766.0,17809.0,18909.0
392,9801.0,248458.0,15425.0,19255.0,6971.0
393,20634.0,228358.0,13137.0,28164.0,22923.0
394,17983.0,178536.0,583.0,51035.0,39.0
395,9241.0,240931.0,22216.0,31002.0,2204.0
396,8737.0,299453.0,2596.0,16207.0,7893.0
397,7869.0,256331.0,4278.0,35231.0,3434.0
398,19007.0,227152.0,14574.0,30663.0,8577.0
399,11997.0,240259.0,17437.0,31046.0,15094.0
400,13240.0,233512.0,23726.0,32036.0,20792.0
401,18907.0,205969.0,20099.0,26085.0,47715.0
402,26090.0,212087.0,23397.0,34102.0,40944.0
403,10794.0,247515.0,15228.0,21230.0,42047.0
404,17842.0,228050.0,11189.0,32730.0,52375.0
405,8585.0,211127.0,8939.0,38833.0,55727.0
406,20644.0,216516.0,8709.0,48022.0,36196.0
407,16321.0,209346.0,19602.0,27382.0,48693.0
408,5407.0,218187.0,11316.0,25552.0,76788.0
409,11557.0,242812.0,2685.0,25267.0,56301.0
410,2849.0,225945.0,15191.0,16703.0,72049.0
411,28512.0,176713.0,27113.0,31881.0,46344.0
412,14255.0,179321.0,6197.0,48963.0,80843.0
413,32777.0,178489.0,6774.0,51638.0,13395.0
414,34901.0,173356.0,7144.0,53825.0,17467.0
415,17342.0,216627.0,10517.0,37878.0,761.0
416,5642.0,233995.0,19791.0,19152.0,14930.0
417,20942.0,197560.0,8916.0,81700.0,5458.0
418,7584.0,208051.0,5263.0,32547.0,72453.0
419,65387.0,181367.0,5672.0,81330.0,2252.0
420,13004.0,226955.0,22006.0,22904.0,56120.0
421,12172.0,226564.0,28765.0,21818.0,51345.0
422,14248.0,262790.0,11476.0,23334.0,6232.0
423,10520.0,184337.0,19194.0,21695.0,82472.0
424,6426.0,229497.0,13975.0,9375.0,3898.0
425,11302.0,219379.0,11984.0,22931.0,56949.0
426,11529.0,215290.0,11655.0,22002.0,63811.0
427,32702.0,218332.0,8944.0,23417.0,13021.0
428,17612.0,230661.0,7020.0,43444.0,26225.0
429,6723.0,232061.0,11709.0,10710.0,3529.0
430,23860.0,229378.0,11481.0,51774.0,17537.0
431,9491.0,225882.0,15938.0,16160.0,29500.0
432,23918.0,228924.0,11688.0,51719.0,16827.0
433,11202.0,188879.0,6080.0,32124.0,81768.0
434,9040.0,210868.0,11284.0,34493.0,34415.0
435,19684.0,193425.0,3973.0,60357.0,19670.0
436,10048.0,204365.0,17587.0,40280.0,40937.0
437,17853.0,225922.0,4819.0,36817.0,23987.0
438,31085.0,174455.0,1783.0,80543.0,17106.0
439,39838.0,129387.0,42478.0,91819.0,2953.0
440,13835.0,189280.0,46907.0,52927.0,9967.0
441,9585.0,224403.0,15582.0,16515.0,30318.0
442,40038.0,190987.0,7829.0,91756.0,6191.0
443,30678.0,210757.0,7811.0,65281.0,9295.0
444,22321.0,211455.0,10408.0,75546.0,5485.0
445,32521.0,260365.0,5025.0,26687.0,7467.0
446,8766.0,229767.0,40011.0,17872.0,1115.0
447,10690.0,232855.0,19344.0,38418.0,13280.0
448,3247.0,225063.0,4628.0,8413.0,47307.0
449,15054.0,198846.0,6306.0,46237.0,63179.0
450,4553.0,228535.0,18134.0,10325.0,51797.0
451,6900.0,166948.0,9627.0,15096.0,2764.0
452,25513.0,225965.0,3517.0,47359.0,9328.0
453,14264.0,225577.0,11275.0,54308.0,31928.0
454,13689.0,233256.0,7680.0,24477.0,40813.0
455,17290.0,171157.0,26915.0,24526.0,6017.0
456,12430.0,240590.0,21569.0,16252.0,25652.0
457,6605.0,186947.0,9724.0,23405.0,3455.0
458,4913.0,302955.0,1771.0,11666.0,3504.0
459,14140.0,167765.0,17869.0,27389.0,4220.0
460,10061.0,215596.0,10606.0,23811.0,1314.0
461,5440.0,211167.0,19202.0,25690.0,18973.0
462,14144.0,221350.0,827.0,23868.0,3414.0
463,12014.0,172418.0,23396.0,17495.0,3342.0
464,11278.0,205640.0,6190.0,27086.0,1326.0
465,12427.0,191369.0,8163.0,18124.0,3361.0
466,9750.0,209834.0,18448.0,24204.0,420.0
467,11128.0,139851.0,26564.0,17024.0,1647.0
468,8768.0,160052.0,5711.0,28666.0,616.0
469,6192.0,172200.0,5619.0,23056.0,758.0
470,17441.0,234150.0,42264.0,24775.0,3016.0
471,14985.0,225666.0,10750.0,12886.0,3501.0
472,5050.0,255517.0,20488.0,16908.0,11674.0
473,25746.0,243250.0,3182.0,19308.0,910.0
474,3907.0,146584.0,168.0,11828.0,1034.0
475,69301.0,178857.0,25173.0,78397.0,2093.0
476,8289.0,281832.0,2640.0,15244.0,1844.0
477,9655.0,205466.0,14589.0,34015.0,71607.0
478,16045.0,250805.0,13204.0,36309.0,3337.0
479,30664.0,172640.0,22279.0,59382.0,14864.0
480,12149.0,222614.0,17892.0,25610.0,26089.0
481,9112.0,227670.0,36245.0,34334.0,4191.0
482,14009.0,194613.0,35518.0,16286.0,5838.0
483,17900.0,230827.0,4138.0,36694.0,48954.0
484,20084.0,232215.0,4616.0,63975.0,4705.0
485,24753.0,192734.0,14960.0,59517.0,41689.0
486,21538.0,174515.0,2466.0,32685.0,9202.0
487,37986.0,219204.0,9996.0,40587.0,14846.0
488,5049.0,247163.0,26010.0,11477.0,32670.0
489,23380.0,240540.0,9831.0,29796.0,7885.0
490,29976.0,254755.0,2082.0,51604.0,3002.0
491,10775.0,286920.0,2353.0,26067.0,8805.0
492,3726.0,316059.0,639.0,12914.0,6281.0
493,18686.0,199252.0,2622.0,60512.0,41424.0
494,3339.0,184476.0,8517.0,38255.0,69796.0
495,19886.0,225861.0,8265.0,40057.0,26248.0
496,8790.0,142242.0,30174.0,35457.0,1397.0
497,9285.0,176673.0,23554.0,21714.0,14224.0
498,15810.0,196087.0,5410.0,36735.0,67568.0
499,39069.0,240321.0,13307.0,33716.0,4144.0
500,14172.0,200251.0,20902.0,50611.0,2133.0
501,10171.0,172454.0,27652.0,51755.0,8118.0
502,11767.0,194033.0,10346.0,15746.0,94675.0
503,21011.0,145139.0,11312.0,39146.0,1630.0
504,23771.0,153886.0,21304.0,43761.0,5350.0
505,21263.0,271338.0,12618.0,23929.0,7768.0
506,7648.0,170691.0,25267.0,37451.0,10983.0
507,14065.0,176379.0,30165.0,54049.0,45221.0
508,26035.0,266915.0,9061.0,37979.0,2421.0
509,18439.0,219786.0,2415.0,36432.0,56856.0
510,12558.0,179928.0,6320.0,22921.0,5584.0
511,6639.0,275345.0,6572.0,16212.0,26989.0
512,12532.0,262778.0,14123.0,24375.0,6615.0
513,17889.0,190527.0,4475.0,61256.0,59837.0
514,10429.0,169566.0,16175.0,33690.0,16464.0
515,29549.0,250994.0,6400.0,30230.0,31841.0
516,10491.0,210103.0,4072.0,38143.0,1932.0
517,6044.0,221038.0,10713.0,17504.0,5170.0
518,5941.0,193037.0,2321.0,23370.0,8316.0
519,10291.0,195329.0,19638.0,54592.0,2483.0
520,17832.0,132725.0,2258.0,48565.0,19154.0
521,11578.0,189649.0,6025.0,14700.0,9387.0
522,20209.0,167703.0,16923.0,44769.0,6662.0
523,10870.0,166574.0,4207.0,39848.0,2876.0
524,10973.0,175447.0,12931.0,37041.0,6035.0
525,22614.0,184523.0,9297.0,34450.0,1935.0
526,47990.0,204796.0,10847.0,48389.0,4852.0
527,4890.0,218114.0,10030.0,24981.0,5965.0
528,17606.0,157723.0,10955.0,133162.0,5229.0
529,28634.0,201619.0,36947.0,54261.0,5452.0
530,22093.0,141074.0,23969.0,71915.0,66511.0
531,11031.0,260177.0,4418.0,12061.0,5125.0
532,12036.0,211797.0,6446.0,19087.0,1693.0
533,10650.0,230304.0,2430.0,19354.0,7025.0
534,17319.0,181184.0,19488.0,55511.0,14995.0
535,25341.0,173315.0,49642.0,58154.0,10902.0
536,28446.0,249570.0,6779.0,38995.0,6805.0
537,16277.0,215815.0,8526.0,56462.0,1456.0
538,8500.0,255899.0,13746.0,18009.0,12026.0
539,12625.0,217313.0,10904.0,35457.0,15148.0
540,20628.0,227773.0,10088.0,25324.0,17656.0
541,8650.0,219416.0,1296.0,26872.0,18647.0
542,11439.0,222160.0,14476.0,35991.0,23929.0
543,30667.0,201951.0,30048.0,56700.0,19128.0
544,10716.0,277380.0,5308.0,26312.0,8110.0
545,19357.0,243314.0,11625.0,25349.0,9027.0
546,9441.0,240060.0,9400.0,35713.0,41129.0
547,17121.0,198336.0,5795.0,46774.0,58244.0
548,22573.0,272495.0,21074.0,21375.0,2499.0
549,13921.0,138321.0,38967.0,40778.0,3673.0
550,31484.0,225598.0,2758.0,52480.0,25641.0
551,41246.0,183364.0,20105.0,61478.0,2051.0
552,27052.0,187626.0,10328.0,36649.0,1542.0
553,23142.0,153068.0,9239.0,52268.0,2237.0
554,16002.0,159400.0,9023.0,40061.0,1221.0
555,23798.0,139435.0,13483.0,42352.0,652.0
556,25138.0,177660.0,12188.0,45421.0,1508.0
557,21488.0,184408.0,13328.0,47215.0,2401.0
558,15853.0,241603.0,9243.0,31715.0,2375.0
559,14282.0,251251.0,3835.0,39487.0,1040.0
560,15904.0,158009.0,2598.0,52582.0,783.0
561,21445.0,201555.0,1789.0,27616.0,3899.0
562,6038.0,148615.0,21910.0,40810.0,2778.0
563,11190.0,213100.0,16826.0,61747.0,10293.0
564,52911.0,141988.0,63604.0,67373.0,9136.0
565,20465.0,158714.0,17313.0,40014.0,4436.0
566,7113.0,188611.0,31363.0,28592.0,33138.0
567,11007.0,283315.0,10012.0,32895.0,2029.0
568,16765.0,280562.0,5384.0,16092.0,24681.0
569,13844.0,144432.0,56884.0,80479.0,21648.0
570,29473.0,186337.0,27029.0,88300.0,5925.0
571,15424.0,192267.0,8239.0,55152.0,56197.0
572,6972.0,216219.0,9529.0,34309.0,63957.0
573,35680.0,173754.0,53393.0,56005.0,6166.0
574,37373.0,165684.0,8319.0,80622.0,2617.0
575,25220.0,200265.0,24846.0,42684.0,2560.0
576,6910.0,256368.0,6742.0,13070.0,12015.0
577,8552.0,240422.0,2630.0,20186.0,20097.0
578,17168.0,253444.0,7166.0,33155.0,4906.0
579,45336.0,256167.0,8795.0,22952.0,7607.0
580,16882.0,210096.0,5689.0,67310.0,11926.0
581,17294.0,258690.0,3552.0,19788.0,11959.0
582,19697.0,214842.0,20096.0,47588.0,11871.0
583,22157.0,223407.0,24782.0,47101.0,7601.0
584,36781.0,198872.0,13138.0,58774.0,18483.0
585,45558.0,212299.0,23817.0,35423.0,14272.0
586,25976.0,208792.0,13514.0,52144.0,26921.0
587,13065.0,230654.0,39605.0,27865.0,17689.0
588,28605.0,150422.0,16282.0,89533.0,33371.0
589,38697.0,213741.0,25009.0,30000.0,5960.0
590,27173.0,150406.0,977.0,68113.0,44912.0
591,22535.0,217455.0,9107.0,43843.0,15619.0
592,25219.0,207323.0,17566.0,56771.0,2981.0
593,10032.0,220435.0,18232.0,9947.0,7342.0
594,17011.0,202175.0,15730.0,51926.0,14719.0
595,21559.0,202178.0,13100.0,24620.0,67914.0
596,14283.0,209615.0,9944.0,55084.0,18647.0
597,10215.0,186890.0,10204.0,40381.0,56058.0
598,13049.0,165522.0,9748.0,38859.0,51255.0
599,19922.0,229085.0,15165.0,45091.0,8552.0
600,31226.0,173481.0,4712.0,99737.0,11162.0
601,14512.0,173041.0,10218.0,35806.0,92396.0
602,45459.0,168999.0,11909.0,40122.0,64760.0
603,14607.0,165968.0,15522.0,48639.0,43381.0
604,18090.0,174747.0,10429.0,46868.0,78614.0
605,57779.0,150888.0,5284.0,98957.0,11126.0
606,23341.0,165958.0,13373.0,67945.0,48781.0
607,43338.0,171332.0,12849.0,50768.0,62633.0
608,12600.0,210910.0,16159.0,24491.0,47366.0
609,8433.0,242985.0,6263.0,22903.0,946.0
610,17035.0,219139.0,6141.0,42291.0,15847.0
611,18098.0,196237.0,17764.0,71982.0,2389.0
612,8070.0,182991.0,12496.0,42011.0,86731.0
613,21581.0,158858.0,6931.0,67852.0,49601.0
614,26147.0,197668.0,9163.0,45211.0,37005.0
615,21971.0,218989.0,17257.0,29144.0,27069.0
616,9566.0,231534.0,27589.0,23059.0,4126.0
617,13257.0,166012.0,10048.0,38984.0,51023.0
618,43650.0,169957.0,12401.0,38941.0,65942.0
619,28627.0,199538.0,10649.0,46035.0,24797.0
620,8343.0,155647.0,5574.0,64079.0,51761.0
621,17990.0,197724.0,18137.0,70578.0,2389.0
622,12215.0,203141.0,13052.0,53894.0,45983.0
623,9947.0,231265.0,16942.0,23988.0,44730.0
624,17363.0,216912.0,12041.0,21193.0,4947.0
625,8631.0,275307.0,9366.0,28775.0,11180.0
626,9193.0,183113.0,5932.0,35171.0,66901.0
627,32645.0,146371.0,51684.0,48536.0,8427.0
628,10395.0,250513.0,19936.0,38821.0,2579.0
629,9594.0,211542.0,19862.0,33092.0,31975.0
630,35657.0,197543.0,15785.0,65426.0,12567.0
631,49326.0,180232.0,21119.0,66627.0,3381.0
632,79676.0,137250.0,229.0,63164.0,2184.0
633,6837.0,214966.0,14941.0,31321.0,47859.0
634,13346.0,155267.0,10695.0,39418.0,6719.0
635,12767.0,170005.0,19328.0,35179.0,69907.0
636,21529.0,137132.0,12419.0,77569.0,1347.0
637,10031.0,183616.0,12014.0,57849.0,72168.0
638,32184.0,164339.0,12329.0,58783.0,15975.0
639,15736.0,200539.0,40622.0,24180.0,5695.0
640,22187.0,212492.0,4894.0,28474.0,3604.0
641,13402.0,187713.0,7296.0,26557.0,98018.0
642,21113.0,207062.0,26521.0,42139.0,12133.0
643,38396.0,125414.0,16589.0,59650.0,2689.0
644,10166.0,207067.0,47688.0,27384.0,37256.0
645,13910.0,261842.0,15864.0,9228.0,10520.0
646,9625.0,237260.0,16613.0,12319.0,37488.0
647,18719.0,260186.0,10704.0,40278.0,1619.0
648,24764.0,238529.0,8617.0,44108.0,4427.0
649,10468.0,210473.0,9288.0,38981.0,63821.0
650,19086.0,213738.0,1490.0,69009.0,5508.0
651,12840.0,244281.0,17687.0,50949.0,2226.0
652,13550.0,193211.0,8362.0,23009.0,96472.0
653,13649.0,200360.0,11250.0,21786.0,81644.0
654,14442.0,238030.0,9660.0,41495.0,22229.0
655,22647.0,276483.0,7649.0,17280.0,16484.0
656,36479.0,174560.0,21673.0,59518.0,52909.0
657,16584.0,188476.0,30304.0,42058.0,46450.0
658,13221.0,215760.0,46102.0,49903.0,7051.0
659,21333.0,270051.0,4215.0,18976.0,26892.0
660,15504.0,274515.0,12636.0,28530.0,11325.0
661,27072.0,235532.0,21986.0,51616.0,2910.0
662,16249.0,220864.0,31054.0,40595.0,15131.0
663,10521.0,227726.0,19704.0,44691.0,27765.0
664,21350.0,160565.0,47508.0,60561.0,35972.0
665,20653.0,217316.0,22876.0,64807.0,9653.0
666,30956.0,199646.0,23713.0,28072.0,9503.0
667,35288.0,220827.0,8428.0,51424.0,4047.0
668,20166.0,203245.0,19210.0,37825.0,2510.0
669,7733.0,250102.0,2107.0,26460.0,3235.0
670,42821.0,185847.0,8427.0,100158.0,1958.0
671,21443.0,210491.0,7096.0,60908.0,42739.0
672,12641.0,228488.0,32047.0,21337.0,25275.0
673,44395.0,199284.0,17082.0,74618.0,676.0
674,11726.0,214017.0,4631.0,38678.0,68400.0
675,17388.0,256647.0,27951.0,20043.0,17140.0
676,8646.0,246633.0,8997.0,9846.0,41524.0
677,14504.0,190211.0,11135.0,29490.0,88857.0
678,15523.0,203254.0,4242.0,31040.0,88816.0
679,22008.0,224943.0,3244.0,38673.0,54465.0
680,9147.0,205987.0,11502.0,23721.0,90288.0
681,40065.0,223639.0,20715.0,36359.0,25230.0
682,18136.0,248844.0,21513.0,26686.0,27197.0
683,16436.0,198159.0,14044.0,26354.0,15620.0
684,4593.0,126625.0,24046.0,28508.0,116031.0
685,38074.0,211741.0,9380.0,43018.0,43699.0
686,13105.0,233501.0,24489.0,45543.0,13863.0
687,37278.0,219112.0,7638.0,45471.0,25587.0
688,28134.0,147962.0,33404.0,25042.0,88864.0
689,29420.0,220880.0,26888.0,49321.0,1193.0
690,37073.0,138482.0,42746.0,95693.0,3852.0
691,13873.0,208394.0,53028.0,21285.0,3711.0
692,26172.0,196539.0,14779.0,33442.0,57455.0
693,12070.0,181776.0,15590.0,90372.0,703.0
694,29964.0,194024.0,23227.0,31652.0,59770.0
695,24742.0,254269.0,31654.0,27865.0,1494.0
696,31481.0,256593.0,24461.0,23046.0,1681.0
697,125475.0,128249.0,2763.0,75375.0,9461.0
698,29792.0,206344.0,8187.0,62754.0,29294.0
699,42094.0,227767.0,13974.0,48150.0,13437.0
700,44593.0,175964.0,6123.0,88667.0,2011.0
701,42117.0,172258.0,4262.0,46363.0,382.0
702,19993.0,235815.0,20166.0,33856.0,2012.0
703,6839.0,185132.0,10062.0,17621.0,1765.0
704,11947.0,199349.0,32663.0,45590.0,835.0
705,65800.0,155990.0,13070.0,57777.0,13280.0
706,13684.0,224380.0,16678.0,53284.0,6120.0
707,15775.0,191873.0,14284.0,50447.0,11436.0
708,14322.0,219067.0,18624.0,33892.0,3305.0
709,15105.0,229100.0,2060.0,45041.0,8567.0
710,9398.0,223823.0,3153.0,31212.0,8402.0
711,40456.0,197412.0,16487.0,30790.0,48482.0
712,13185.0,214519.0,6105.0,30558.0,71629.0
713,9133.0,168083.0,12307.0,24038.0,1354.0
714,8861.0,127789.0,29064.0,17754.0,29223.0
715,6769.0,192169.0,12098.0,40460.0,13295.0
716,37937.0,205122.0,19117.0,32068.0,2439.0
717,18151.0,167421.0,16217.0,34549.0,6601.0
718,22332.0,171652.0,9982.0,41316.0,833.0
719,44453.0,168515.0,26339.0,93034.0,9058.0
720,12493.0,265325.0,16885.0,15792.0,4901.0
721,3851.0,194868.0,9030.0,9327.0,2410.0
722,5757.0,184166.0,4827.0,14044.0,7607.0
723,20934.0,192852.0,14759.0,23971.0,1027.0
724,3987.0,188711.0,9796.0,36575.0,1936.0
725,16773.0,213904.0,11063.0,36156.0,19457.0
726,12115.0,125410.0,50050.0,26366.0,9039.0
727,6336.0,191671.0,7465.0,26870.0,81307.0
728,26734.0,274483.0,7196.0,24885.0,6715.0
729,7678.0,229450.0,8052.0,24822.0,57794.0
730,23484.0,251328.0,7690.0,30760.0,16596.0
731,32264.0,245447.0,5570.0,33751.0,361.0
732,45563.0,207976.0,22366.0,38943.0,7884.0
733,16092.0,219336.0,6579.0,26627.0,45251.0
734,11477.0,245221.0,15353.0,41548.0,14747.0
735,24919.0,227408.0,25910.0,38804.0,5580.0
736,13088.0,199936.0,6339.0,20259.0,90036.0
737,9226.0,257037.0,21093.0,21067.0,6410.0
738,14978.0,234343.0,9423.0,30266.0,31484.0
739,35003.0,239105.0,233.0,29462.0,2610.0
740,9088.0,269644.0,7683.0,21702.0,9780.0
741,35003.0,239105.0,233.0,29462.0,2610.0
742,5545.0,243626.0,12127.0,17150.0,36029.0
743,9027.0,267770.0,9703.0,20138.0,13715.0
744,15925.0,231940.0,9577.0,29960.0,31193.0
745,3297.0,233634.0,9193.0,20007.0,54077.0
746,27160.0,180907.0,19430.0,46678.0,3948.0
747,5545.0,243626.0,12127.0,17150.0,36029.0
748,10380.0,233730.0,16305.0,21139.0,1087.0
749,23534.0,192370.0,8532.0,46122.0,2308.0
750,15521.0,212701.0,17815.0,27247.0,46851.0
751,7103.0,212455.0,4260.0,37365.0,63508.0
752,7918.0,200916.0,13742.0,33982.0,77417.0
753,21367.0,238233.0,8728.0,41853.0,29212.0
754,32609.0,240663.0,1978.0,24671.0,42360.0
755,22753.0,192534.0,5513.0,22820.0,2078.0
756,9785.0,192866.0,1983.0,21568.0,2026.0
757,9580.0,193720.0,8673.0,7424.0,853.0
758,4901.0,242712.0,1469.0,14698.0,2063.0
759,4260.0,182553.0,11304.0,12415.0,998.0
760,4776.0,241795.0,1535.0,14452.0,2129.0
761,11399.0,219915.0,1604.0,24924.0,1350.0
762,27938.0,228775.0,432.0,35976.0,5470.0
763,13694.0,190809.0,15910.0,25836.0,87436.0
764,30327.0,217098.0,2823.0,20347.0,44529.0
765,20761.0,195155.0,5073.0,42479.0,75025.0
766,7506.0,258213.0,8121.0,18401.0,36532.0
767,34081.0,205190.0,3981.0,51196.0,50765.0
768,19156.0,256237.0,20135.0,38007.0,3216.0
769,18845.0,167418.0,111425.0,28269.0,1721.0
770,3763.0,182133.0,9223.0,46470.0,71870.0
771,40597.0,230144.0,10796.0,57022.0,3072.0
772,24796.0,229140.0,13901.0,56072.0,13474.0
773,26684.0,218480.0,6001.0,36762.0,38673.0
774,34749.0,220013.0,22487.0,41549.0,5014.0
775,27459.0,149475.0,7319.0,100041.0,32934.0
776,36404.0,154244.0,20813.0,86495.0,31396.0
777,34999.0,167446.0,11981.0,109162.0,3564.0
778,18727.0,211241.0,6275.0,68068.0,30694.0
779,26033.0,188237.0,11968.0,54789.0,54870.0
780,6325.0,221710.0,13343.0,48076.0,35441.0
781,15469.0,215875.0,3269.0,29522.0,27092.0
782,27798.0,181207.0,8637.0,66021.0,42804.0
783,22064.0,238412.0,12149.0,35221.0,22978.0
784,21470.0,216781.0,11728.0,29701.0,13434.0
785,4629.0,284377.0,4994.0,14351.0,15849.0
786,6974.0,279590.0,1225.0,17907.0,18597.0
787,8922.0,267931.0,655.0,7654.0,2165.0
788,11222.0,291644.0,2356.0,9978.0,8057.0
789,12362.0,291974.0,4362.0,10671.0,1550.0
790,5720.0,240791.0,8225.0,18479.0,5551.0
791,14769.0,210653.0,17831.0,30924.0,5405.0
792,3450.0,184018.0,13902.0,9061.0,2400.0
793,12190.0,217736.0,1682.0,11094.0,1451.0
794,7249.0,201878.0,5739.0,16494.0,535.0
795,3619.0,172021.0,4966.0,21592.0,3209.0
796,4678.0,178351.0,9619.0,21535.0,363.0
797,15074.0,264969.0,6227.0,18584.0,10171.0
798,19850.0,223037.0,1681.0,59423.0,9689.0
799,10724.0,261865.0,21405.0,21832.0,8092.0
800,17300.0,252367.0,25136.0,25424.0,6058.0
801,4638.0,257893.0,4797.0,12067.0,22807.0
802,9940.0,239333.0,2734.0,15236.0,2058.0
803,13235.0,248465.0,1595.0,24685.0,12015.0
804,15641.0,228289.0,31928.0,35975.0,11513.0
805,13316.0,208615.0,7680.0,46649.0,38171.0
806,30330.0,189737.0,12432.0,56985.0,2802.0
807,13262.0,182298.0,11765.0,42082.0,63316.0
808,12107.0,240260.0,25647.0,33177.0,1518.0
809,48721.0,182983.0,6477.0,77742.0,3211.0
810,4577.0,199027.0,10681.0,26282.0,78331.0
811,17972.0,188029.0,15966.0,32009.0,55092.0
812,10499.0,225782.0,15840.0,18491.0,16872.0
813,25531.0,245401.0,10658.0,23795.0,20081.0
814,18155.0,239320.0,14119.0,29368.0,21049.0
815,18632.0,259633.0,5806.0,22214.0,27888.0
816,17632.0,268935.0,6692.0,20749.0,16387.0
817,16186.0,214153.0,12852.0,39248.0,24455.0
818,5469.0,206173.0,26113.0,12787.0,79583.0
819,46847.0,210201.0,15081.0,38136.0,11410.0
820,25083.0,253506.0,11972.0,34625.0,6723.0
821,20085.0,275078.0,7388.0,27780.0,9544.0
822,7109.0,224213.0,15553.0,31572.0,34093.0
823,8213.0,181218.0,5507.0,63599.0,2002.0
824,42051.0,217717.0,31569.0,30158.0,4350.0
825,8235.0,255409.0,11902.0,24076.0,22670.0
826,25442.0,244196.0,14041.0,21538.0,1815.0
827,3371.0,204078.0,2130.0,14450.0,11783.0
828,2512.0,176315.0,14289.0,21949.0,4974.0
829,6555.0,233809.0,31700.0,9049.0,5600.0
830,26351.0,224339.0,20617.0,46636.0,16849.0
831,8037.0,228126.0,9299.0,14392.0,9422.0
832,16294.0,204504.0,3576.0,26319.0,12354.0
833,3722.0,177215.0,15940.0,24624.0,3318.0
834,6583.0,219533.0,7369.0,34306.0,4845.0
835,5579.0,233565.0,9251.0,19524.0,1401.0
836,4730.0,178248.0,13893.0,18685.0,703.0
837,6217.0,172546.0,20530.0,29279.0,2891.0
838,15856.0,132115.0,34533.0,48912.0,3320.0
839,6523.0,186171.0,22700.0,29369.0,7360.0
840,2146.0,206122.0,15054.0,10911.0,862.0
841,7035.0,241665.0,4470.0,28453.0,16403.0
842,27719.0,172140.0,26055.0,40217.0,1768.0
843,18982.0,214369.0,3164.0,34428.0,9213.0
844,34670.0,191512.0,18615.0,65333.0,8396.0
845,7586.0,220534.0,37477.0,23541.0,11152.0
846,10341.0,243857.0,12094.0,33774.0,11890.0
847,7265.0,269682.0,8738.0,16996.0,12119.0
848,18730.0,212241.0,4543.0,33869.0,9673.0
849,10510.0,221900.0,1055.0,26929.0,9378.0
850,15928.0,261996.0,16839.0,15671.0,14520.0
851,15928.0,261996.0,16839.0,15671.0,14520.0
852,13273.0,222485.0,8843.0,25187.0,40738.0
853,11730.0,214870.0,17671.0,38815.0,49665.0
854,16639.0,209740.0,9954.0,52731.0,20705.0
855,7819.0,220132.0,37657.0,19162.0,15345.0
856,11286.0,216661.0,11059.0,44576.0,40853.0
857,11812.0,221319.0,11567.0,36392.0,14764.0
858,21096.0,186240.0,18223.0,54176.0,16046.0
859,6883.0,221955.0,39639.0,25423.0,19464.0
860,10250.0,189701.0,14088.0,41226.0,61938.0
861,14425.0,210831.0,31192.0,55221.0,2882.0
862,22220.0,211036.0,21814.0,59589.0,454.0
863,30559.0,195560.0,13675.0,62214.0,27033.0
864,36961.0,169038.0,18939.0,97334.0,3224.0
865,39789.0,220026.0,18252.0,54178.0,2808.0
866,6750.0,253365.0,8472.0,27646.0,36943.0
867,23432.0,212418.0,10738.0,33767.0,3483.0
868,30262.0,235537.0,8002.0,35357.0,6221.0
869,53642.0,188333.0,2626.0,30079.0,5967.0
870,20435.0,184575.0,25426.0,70629.0,9551.0
871,11388.0,252627.0,12396.0,31944.0,9852.0
872,27906.0,205904.0,19180.0,68360.0,10743.0
873,57227.0,185488.0,8496.0,89108.0,1111.0
874,32800.0,206503.0,3199.0,50987.0,34060.0
875,25699.0,184992.0,5506.0,64078.0,2583.0
876,35671.0,182002.0,12248.0,45085.0,7397.0
877,13158.0,246341.0,12802.0,47849.0,4293.0
878,6442.0,180256.0,2286.0,59443.0,1111.0
879,54138.0,167651.0,3837.0,105767.0,349.0
880,8858.0,246386.0,603.0,37387.0,5938.0
881,21232.0,248842.0,7529.0,33839.0,16520.0
882,36194.0,166952.0,7676.0,78265.0,36639.0
883,21710.0,249835.0,5860.0,33766.0,17528.0
884,4715.0,185165.0,38933.0,41797.0,29013.0
885,11836.0,197967.0,17305.0,54370.0,50507.0
886,23879.0,175265.0,9655.0,34803.0,51542.0
887,45841.0,222131.0,2638.0,67806.0,635.0
888,19423.0,209433.0,18465.0,50825.0,24727.0
889,43461.0,151004.0,10486.0,58257.0,53775.0
890,15101.0,213066.0,11753.0,73615.0,2366.0
891,22988.0,208199.0,29469.0,61726.0,251.0
892,62828.0,138871.0,3066.0,86453.0,4984.0
893,24490.0,213724.0,8725.0,47547.0,6132.0
894,21854.0,188689.0,8436.0,55029.0,7147.0
895,31830.0,221829.0,16995.0,38298.0,1788.0
896,8987.0,199084.0,10631.0,25509.0,90890.0
897,26625.0,199103.0,5803.0,16035.0,12246.0
898,7762.0,194049.0,10215.0,22562.0,95155.0
899,21753.0,205822.0,7028.0,22787.0,28806.0
900,9581.0,195176.0,5685.0,19563.0,97607.0
901,2951.0,250183.0,5163.0,8831.0,12558.0
902,19760.0,182911.0,17623.0,41610.0,50198.0
903,8137.0,195417.0,24127.0,26617.0,66868.0
904,10536.0,212140.0,4067.0,37674.0,71842.0
905,30981.0,221648.0,19680.0,46025.0,22023.0
906,14183.0,179352.0,10929.0,50733.0,67471.0
907,14633.0,207503.0,22612.0,61753.0,4160.0
908,31426.0,190642.0,33279.0,48613.0,10038.0
909,23955.0,153483.0,27350.0,93261.0,23825.0
910,10690.0,263787.0,5351.0,22651.0,2167.0
911,27063.0,254485.0,10404.0,20173.0,2873.0
912,11814.0,194282.0,10897.0,22602.0,61767.0
913,16835.0,216925.0,6794.0,55018.0,30984.0
914,16032.0,241948.0,17796.0,25151.0,16854.0
915,16175.0,215248.0,14788.0,62516.0,7774.0
916,14802.0,199897.0,12041.0,42227.0,38040.0
917,21061.0,194223.0,28599.0,72227.0,60.0
918,5695.0,186499.0,39622.0,23805.0,31719.0
919,37827.0,219872.0,4231.0,48544.0,6771.0
920,18667.0,148860.0,10048.0,117498.0,7650.0
921,17018.0,196313.0,9435.0,40842.0,6459.0
922,7650.0,220233.0,17061.0,41215.0,20009.0
923,21779.0,187304.0,21262.0,71023.0,8032.0
924,13956.0,226062.0,10924.0,27930.0,40023.0
925,38017.0,196674.0,9072.0,69133.0,11210.0
926,17254.0,163148.0,187.0,58929.0,6630.0
927,14370.0,234562.0,22711.0,23639.0,4982.0
928,14174.0,201459.0,11989.0,27544.0,59140.0
929,18537.0,204532.0,10351.0,32895.0,56042.0
930,31085.0,174455.0,1783.0,80543.0,17106.0
931,16898.0,234940.0,4781.0,34405.0,24333.0
932,7745.0,244481.0,5741.0,36648.0,30206.0
933,6436.0,211090.0,13113.0,23817.0,38655.0
934,6117.0,216911.0,13724.0,24927.0,37443.0
935,9455.0,223898.0,12774.0,35675.0,46378.0
936,12673.0,234073.0,13255.0,34871.0,16912.0
937,18653.0,263379.0,14544.0,16280.0,1085.0
938,32181.0,209866.0,28302.0,35637.0,16972.0
939,31570.0,248733.0,18948.0,37690.0,3255.0
940,72001.0,194281.0,6020.0,68251.0,1085.0
941,10775.0,233450.0,17460.0,28179.0,5685.0
942,3561.0,209410.0,12413.0,8400.0,24420.0
943,10389.0,210538.0,11641.0,29433.0,3207.0
944,3912.0,259409.0,9232.0,17281.0,20353.0
945,4248.0,267283.0,512.0,8323.0,10974.0
946,5935.0,199949.0,88469.0,8012.0,3361.0
947,4839.0,222514.0,33315.0,10072.0,3626.0
948,14035.0,260248.0,4592.0,42843.0,4063.0
949,11782.0,201373.0,15849.0,46985.0,2466.0
950,4250.0,207373.0,3929.0,9629.0,100147.0
951,13961.0,187085.0,50517.0,45171.0,23692.0
952,9728.0,200249.0,3421.0,10482.0,109832.0
953,29921.0,223785.0,980.0,21758.0,21903.0
954,14312.0,244062.0,6353.0,27954.0,3458.0
955,19467.0,238749.0,2773.0,22023.0,15902.0
956,14424.0,195155.0,33226.0,41850.0,9319.0
957,8151.0,231437.0,8123.0,25167.0,56507.0
958,10337.0,238474.0,9208.0,51208.0,19162.0
959,52842.0,188089.0,6127.0,47992.0,47282.0
960,11752.0,275828.0,4231.0,14239.0,39886.0
961,12428.0,213102.0,22016.0,30369.0,2013.0
962,20629.0,213964.0,11554.0,58695.0,25615.0
963,7365.0,224777.0,6871.0,34295.0,49506.0
964,16308.0,211247.0,4470.0,24295.0,59602.0
965,6817.0,257208.0,7967.0,20293.0,24468.0
966,15732.0,207739.0,21410.0,29926.0,60067.0
967,5543.0,206309.0,3169.0,34488.0,58925.0
968,26090.0,212087.0,23397.0,34102.0,40944.0
969,18481.0,211421.0,12410.0,34060.0,50122.0
970,33869.0,240387.0,9151.0,36446.0,13558.0
971,13059.0,227644.0,17202.0,33960.0,37128.0
972,13111.0,195474.0,31061.0,52602.0,2115.0
973,14409.0,207298.0,24038.0,28791.0,3073.0
974,18534.0,205074.0,32080.0,25433.0,3162.0
975,28667.0,138853.0,36693.0,40020.0,43156.0
976,19471.0,210575.0,22530.0,31088.0,34662.0
977,25883.0,189628.0,38670.0,51218.0,26558.0
978,38680.0,162813.0,39848.0,57913.0,38715.0
979,15844.0,198626.0,30369.0,68185.0,4676.0
980,44966.0,182336.0,32114.0,54978.0,2865.0
981,27188.0,174087.0,25327.0,55158.0,34361.0
982,59841.0,188842.0,24638.0,51111.0,18136.0
983,16043.0,196849.0,5694.0,41677.0,79885.0
984,15728.0,225686.0,7004.0,34160.0,54009.0
985,53879.0,189120.0,10586.0,53895.0,10482.0
986,29657.0,212203.0,31621.0,49654.0,6272.0
987,50135.0,197881.0,9262.0,64069.0,3306.0
988,11660.0,207273.0,14086.0,26583.0,55822.0
989,17480.0,218625.0,21782.0,32632.0,1336.0
990,13032.0,153406.0,23950.0,42679.0,13749.0
991,18216.0,216733.0,4981.0,41073.0,38164.0
992,11332.0,191796.0,30123.0,14095.0,18281.0
993,32853.0,200770.0,24915.0,24785.0,18365.0
994,26418.0,177203.0,14718.0,51879.0,4184.0
995,18859.0,228122.0,14091.0,30339.0,8842.0
996,4696.0,189786.0,19828.0,6224.0,26068.0
997,2044.0,161055.0,6521.0,27399.0,46324.0
998,26619.0,194857.0,52536.0,36092.0,2889.0
999,5486.0,197161.0,15592.0,43644.0,66558.0
1000,12240.0,190609.0,8290.0,18236.0,3405.0
1001,23164.0,206986.0,3606.0,74891.0,24931.0
1002,45025.0,255276.0,13811.0,29294.0,2711.0
1003,28089.0,165192.0,55268.0,51815.0,13780.0
1004,17417.0,153533.0,13664.0,51669.0,77198.0
1005,7351.0,166305.0,22241.0,55911.0,71356.0
1006,26210.0,197168.0,24396.0,44903.0,41314.0
1007,3975.0,184474.0,13172.0,19124.0,37012.0
1008,8765.0,219755.0,8805.0,17721.0,67835.0
1009,19715.0,150184.0,25363.0,47935.0,1888.0
1010,14378.0,185433.0,16864.0,24107.0,98881.0
1011,41342.0,218758.0,7606.0,34455.0,1400.0
1012,33268.0,174550.0,1649.0,80136.0,10131.0
1013,40179.0,217897.0,20892.0,32338.0,6788.0
1014,32363.0,194863.0,16240.0,58306.0,4623.0
1015,10791.0,201386.0,49779.0,47561.0,2563.0
1016,12730.0,306018.0,5149.0,10707.0,13064.0
1017,21675.0,247661.0,8254.0,31047.0,27998.0
1018,4406.0,183376.0,9681.0,42220.0,1578.0
1019,6900.0,150342.0,20430.0,41364.0,3671.0
1020,4605.0,172118.0,14737.0,38666.0,3448.0
1021,36778.0,158394.0,1070.0,44518.0,1542.0
1022,17010.0,193755.0,10562.0,28281.0,1709.0
1023,64637.0,137946.0,22494.0,56943.0,2090.0
1024,29300.0,167023.0,1148.0,40625.0,3155.0
1025,22129.0,179050.0,20004.0,32298.0,505.0
1026,19579.0,202036.0,10470.0,30660.0,2568.0
1027,5594.0,147150.0,8145.0,45783.0,1863.0
1028,24215.0,230780.0,14191.0,25290.0,5834.0
1029,40841.0,206348.0,6196.0,50000.0,3702.0
1030,4711.0,235536.0,8535.0,27065.0,38753.0
1031,11680.0,269996.0,13777.0,27512.0,3119.0
1032,31088.0,173843.0,13316.0,51563.0,15358.0
1033,7533.0,200327.0,5377.0,13308.0,105414.0
1034,10619.0,200250.0,5796.0,39854.0,77034.0
1035,30887.0,213723.0,33013.0,54043.0,4087.0
1036,4280.0,220840.0,22314.0,45777.0,8380.0
1037,7815.0,168247.0,17468.0,37593.0,3865.0
1038,12837.0,185490.0,15261.0,22898.0,102238.0
1039,11554.0,212740.0,2474.0,36839.0,71132.0
1040,11403.0,261210.0,14942.0,32908.0,3998.0
1041,8677.0,197244.0,5171.0,35097.0,77025.0
1042,13723.0,238441.0,8050.0,29567.0,1740.0
1043,5596.0,243763.0,11249.0,12360.0,32292.0
1044,20000.0,230113.0,4388.0,30622.0,6569.0
1045,10084.0,246061.0,4408.0,25988.0,4844.0
1046,6712.0,232665.0,7164.0,33204.0,1121.0
1047,15239.0,123534.0,12670.0,83843.0,30186.0
1048,5899.0,192127.0,16344.0,28725.0,60003.0
1049,26143.0,189900.0,9562.0,29826.0,12918.0
1050,11927.0,205792.0,12892.0,26368.0,56762.0
1051,46211.0,185459.0,18226.0,54834.0,15633.0
1052,21860.0,237056.0,4475.0,20096.0,27101.0
1053,12601.0,250396.0,6952.0,39043.0,1703.0
1054,10109.0,256564.0,7067.0,21270.0,26448.0
1055,10572.0,210074.0,14025.0,22035.0,63970.0
1056,21907.0,231823.0,5235.0,36374.0,14261.0
1057,16075.0,170480.0,6625.0,19339.0,85407.0
1058,13964.0,182082.0,8808.0,61815.0,28917.0
1059,12713.0,182492.0,29790.0,53019.0,25518.0
1060,9625.0,172939.0,8981.0,57994.0,66236.0
1061,11115.0,161785.0,17727.0,48782.0,54517.0
1062,8258.0,286192.0,2052.0,25322.0,2576.0
1063,7999.0,186514.0,1721.0,36967.0,102089.0
1064,5238.0,226520.0,14226.0,26930.0,53031.0
1065,11339.0,264669.0,7056.0,13682.0,41792.0
1066,7696.0,202909.0,5757.0,27958.0,3107.0
1067,11246.0,236384.0,7713.0,44527.0,4180.0
1068,32069.0,243628.0,5002.0,55393.0,1012.0
1069,13364.0,276702.0,8251.0,29356.0,9757.0
1070,63460.0,199836.0,26754.0,36001.0,21410.0
1071,30172.0,204133.0,7667.0,54102.0,39946.0
1072,35562.0,201438.0,7278.0,79583.0,12350.0
1073,19507.0,193790.0,17152.0,90910.0,8129.0
1074,10689.0,234631.0,28211.0,40807.0,1839.0
1075,9583.0,186731.0,16582.0,11650.0,103420.0
1076,11945.0,252881.0,7687.0,26792.0,1392.0
1077,31670.0,170714.0,39675.0,37601.0,4042.0
1078,27708.0,171802.0,32711.0,29481.0,5399.0
1079,24887.0,171172.0,40443.0,38193.0,5044.0
1080,32283.0,206293.0,16179.0,34641.0,11606.0
1081,22955.0,207124.0,21042.0,56427.0,9002.0
1082,29584.0,177461.0,18393.0,41157.0,11209.0
1083,9270.0,216829.0,15625.0,25626.0,27822.0
1084,42247.0,229797.0,20377.0,27380.0,10298.0
1085,9270.0,216829.0,15625.0,25626.0,27822.0
1086,42247.0,229797.0,20377.0,27380.0,10298.0
1087,6258.0,225853.0,6582.0,34191.0,54980.0
1088,11969.0,246955.0,10045.0,24005.0,35577.0
1089,11296.0,192298.0,18103.0,24372.0,9093.0
1090,14069.0,243898.0,5012.0,11996.0,30505.0
1091,15355.0,199679.0,12974.0,25266.0,22178.0
1092,9608.0,237410.0,18366.0,22492.0,2824.0
1093,27168.0,165175.0,50417.0,32158.0,3250.0
1094,8210.0,223633.0,1369.0,11848.0,35562.0
1095,19649.0,209123.0,33424.0,18149.0,15299.0
1096,17211.0,226914.0,23041.0,20582.0,6207.0
1097,23562.0,165987.0,27448.0,35308.0,3438.0
1098,24214.0,253656.0,29760.0,7311.0,5866.0
1099,15217.0,233547.0,30706.0,34557.0,3612.0
1100,8254.0,198980.0,19168.0,35780.0,33836.0
1101,26377.0,200196.0,14984.0,50833.0,17744.0
1102,6669.0,221669.0,20785.0,29677.0,9925.0
1103,18341.0,224901.0,23051.0,46473.0,1442.0
1104,7791.0,177695.0,3091.0,22445.0,1020.0
1105,30726.0,201606.0,4937.0,46926.0,3978.0
1106,11462.0,303182.0,4629.0,17001.0,2038.0
1107,32264.0,245447.0,5570.0,33751.0,361.0
1108,45563.0,207976.0,22366.0,38943.0,7884.0
1109,3111.0,211883.0,12461.0,8373.0,24260.0
1110,6970.0,205227.0,7815.0,37509.0,3588.0
1111,11024.0,183146.0,21836.0,26328.0,1968.0
1112,10389.0,210538.0,11641.0,29433.0,3207.0
1113,41342.0,218758.0,7606.0,34455.0,1400.0
1114,16367.0,199035.0,18546.0,90149.0,6990.0
1115,16103.0,273626.0,10094.0,16776.0,19088.0
1116,14442.0,238030.0,9660.0,41495.0,22229.0
1117,11391.0,171973.0,24820.0,23604.0,31082.0
1118,23296.0,201703.0,9501.0,47854.0,50000.0
1119,21559.0,202178.0,13100.0,24620.0,67914.0
1120,12600.0,210910.0,16159.0,24491.0,47366.0
1121,18278.0,234945.0,14766.0,38108.0,27656.0
1122,19922.0,229085.0,15165.0,45091.0,8552.0
1123,9566.0,231534.0,27589.0,23059.0,4126.0
1124,11834.0,206578.0,37751.0,37583.0,5939.0
1125,18886.0,229514.0,10999.0,22355.0,2248.0
1126,71186.0,186490.0,19962.0,41185.0,4152.0
1127,7356.0,273916.0,36025.0,11273.0,3299.0
1128,19649.0,209123.0,33424.0,18149.0,15299.0
1129,21379.0,237750.0,13593.0,14427.0,1955.0
1130,19133.0,159747.0,17953.0,25715.0,949.0
1131,56839.0,187545.0,13350.0,59267.0,6599.0
1132,12562.0,204529.0,21807.0,34467.0,44628.0
1133,44702.0,226548.0,21870.0,28570.0,11123.0
1134,9816.0,168632.0,32165.0,35384.0,10198.0
1135,32303.0,200404.0,24092.0,24534.0,18676.0
1136,12657.0,252294.0,2311.0,27490.0,1161.0
1137,6971.0,255322.0,1685.0,14575.0,4249.0
1138,10997.0,193599.0,15716.0,33592.0,66929.0
1139,18090.0,174747.0,10429.0,46868.0,78614.0
1140,14512.0,173041.0,10218.0,35806.0,92396.0
1141,25593.0,234234.0,20621.0,21746.0,22383.0
1142,12587.0,211814.0,32232.0,40528.0,7458.0
1143,15355.0,199679.0,12974.0,25266.0,22178.0
1144,6902.0,201095.0,5052.0,31990.0,77830.0
1145,13252.0,224604.0,34619.0,14672.0,3503.0
1146,33357.0,193958.0,5446.0,43778.0,10632.0
1147,8579.0,236924.0,9904.0,19525.0,1550.0
1148,24176.0,207826.0,20353.0,39138.0,2621.0
1149,23422.0,233348.0,9771.0,54161.0,8113.0
1150,5613.0,238229.0,8211.0,12759.0,73330.0
1151,2693.0,250884.0,11491.0,13631.0,41406.0
1152,18565.0,212261.0,5498.0,11626.0,58072.0
1153,11784.0,220623.0,21384.0,50979.0,22680.0
1154,18472.0,202051.0,14577.0,73765.0,3801.0
1155,15660.0,212696.0,11300.0,49348.0,3532.0
1156,11680.0,269996.0,13777.0,27512.0,3119.0
1157,12803.0,185418.0,9480.0,47457.0,70666.0
1158,13752.0,257457.0,5251.0,29298.0,27040.0
1159,12199.0,245482.0,25563.0,22612.0,5989.0
1160,9065.0,259660.0,3495.0,11579.0,42029.0
1161,15353.0,217032.0,13879.0,43326.0,38944.0
1162,12601.0,250396.0,6952.0,39043.0,1703.0
1163,13945.0,217313.0,5189.0,33463.0,40064.0
1164,11927.0,205792.0,12892.0,26368.0,56762.0
1165,6373.0,185194.0,10441.0,16865.0,103190.0
1166,5596.0,243763.0,11249.0,12360.0,32292.0
1167,9069.0,232883.0,5024.0,18801.0,62114.0
1168,10109.0,256564.0,7067.0,21270.0,26448.0
1169,4250.0,207373.0,3929.0,9629.0,100147.0
1170,8491.0,214129.0,18655.0,16100.0,25310.0
1171,10031.0,183616.0,12014.0,57849.0,72168.0
1172,31743.0,172777.0,58376.0,37469.0,16415.0
1173,24870.0,241401.0,6616.0,43885.0,15204.0
1174,16012.0,210182.0,9129.0,70759.0,19356.0
1175,10795.0,192222.0,13617.0,37444.0,68749.0
1176,14177.0,185644.0,5979.0,80362.0,32852.0
1177,15352.0,197433.0,4350.0,22906.0,80713.0
1178,21257.0,225125.0,1174.0,25322.0,7867.0
1179,40179.0,217897.0,20892.0,32338.0,6788.0
1180,6693.0,252354.0,7580.0,8221.0,50307.0
1181,11782.0,201373.0,15849.0,46985.0,2466.0
1182,9112.0,227670.0,36245.0,34334.0,4191.0
1183,12149.0,222614.0,17892.0,25610.0,26089.0
1184,40456.0,197412.0,16487.0,30790.0,48482.0
1185,13185.0,214519.0,6105.0,30558.0,71629.0
1186,7995.0,223804.0,9167.0,19140.0,65034.0
1187,7736.0,228309.0,16302.0,17783.0,36409.0
1188,7761.0,198751.0,29799.0,25598.0,47032.0
1189,7341.0,268986.0,12652.0,17875.0,9066.0
1190,8863.0,238399.0,10190.0,15648.0,23196.0
1191,7848.0,224851.0,44759.0,23642.0,9381.0
1192,16506.0,241692.0,4987.0,17462.0,32197.0
1193,18557.0,175163.0,4729.0,61467.0,67255.0
1194,14104.0,262634.0,10057.0,17561.0,9495.0
1195,15194.0,235251.0,24165.0,19178.0,3087.0
1196,18557.0,175163.0,4729.0,61467.0,67255.0
1197,10775.0,233450.0,17460.0,28179.0,5685.0
1198,8822.0,204262.0,9292.0,28426.0,89524.0
1199,8289.0,281832.0,2640.0,15244.0,1844.0
1200,5794.0,172809.0,19510.0,59781.0,23082.0
1201,14009.0,194613.0,35518.0,16286.0,5838.0
1202,12515.0,224682.0,19388.0,19225.0,3646.0
1203,2547.0,232042.0,3575.0,21893.0,2604.0
1204,3436.0,134484.0,17109.0,35340.0,45310.0
1205,8495.0,176891.0,20098.0,42417.0,52359.0
1206,22427.0,246528.0,7755.0,53850.0,3835.0
1207,13550.0,193211.0,8362.0,23009.0,96472.0
1208,10856.0,204794.0,11352.0,81954.0,17295.0
1209,29444.0,236898.0,16239.0,30203.0,5140.0
1210,27805.0,209041.0,1272.0,64926.0,4109.0
1211,29657.0,212203.0,31621.0,49654.0,6272.0
1212,17888.0,202273.0,18718.0,32823.0,6867.0
1213,5456.0,200088.0,6795.0,13217.0,1172.0
1214,7941.0,212000.0,1156.0,16131.0,2174.0
1215,32154.0,223228.0,11219.0,44540.0,22224.0
1216,3505.0,205911.0,2548.0,12940.0,17937.0
1217,54362.0,190326.0,10802.0,52618.0,10886.0
1218,10730.0,270238.0,13748.0,25284.0,1772.0
1219,19908.0,188219.0,23523.0,57572.0,6290.0
1220,9337.0,236521.0,12891.0,11896.0,37791.0
1221,15397.0,196390.0,14348.0,32642.0,59060.0
1222,5441.0,250075.0,29107.0,21803.0,5077.0
1223,7341.0,268986.0,12652.0,17875.0,9066.0
1224,13877.0,239910.0,23416.0,27942.0,7352.0
1225,13824.0,180736.0,5914.0,41830.0,85117.0
1226,8958.0,214766.0,7305.0,31818.0,58429.0
1227,10690.0,232855.0,19344.0,38418.0,13280.0
1228,11969.0,246955.0,10045.0,24005.0,35577.0
1229,5972.0,193831.0,9568.0,47343.0,57602.0
1230,16200.0,238449.0,448.0,21344.0,8482.0
1231,18955.0,229093.0,11107.0,25773.0,2261.0
1232,35449.0,161890.0,4694.0,39121.0,1461.0
1233,17569.0,225741.0,18412.0,32593.0,3353.0
1234,7448.0,244403.0,4420.0,28014.0,30217.0
1235,6712.0,232665.0,7164.0,33204.0,1121.0
1236,12031.0,145500.0,2689.0,13125.0,10221.0
1237,12046.0,218646.0,14113.0,15641.0,68617.0
1238,9241.0,240931.0,22216.0,31002.0,2204.0
1239,8737.0,299453.0,2596.0,16207.0,7893.0
1240,7869.0,256331.0,4278.0,35231.0,3434.0
1241,8652.0,198488.0,3244.0,22441.0,62894.0
1242,16075.0,170480.0,6625.0,19339.0,85407.0
1243,19007.0,227152.0,14574.0,30663.0,8577.0
1244,18859.0,228122.0,14091.0,30339.0,8842.0
1245,11466.0,197873.0,8529.0,23131.0,102322.0
1246,4529.0,201411.0,8801.0,30184.0,81692.0
1247,28925.0,218754.0,10329.0,40291.0,31373.0
1248,12941.0,198787.0,18915.0,41582.0,21757.0
1249,11421.0,235009.0,10558.0,33595.0,1784.0
1250,8478.0,198366.0,11867.0,25525.0,45210.0
1251,32508.0,190603.0,10138.0,42144.0,6536.0
1252,18704.0,202352.0,7212.0,31647.0,73402.0
1253,20634.0,228358.0,13137.0,28164.0,22923.0
1254,16297.0,206460.0,42334.0,35958.0,13146.0
1255,8433.0,242985.0,6263.0,22903.0,946.0
1256,17983.0,178536.0,583.0,51035.0,39.0
1257,15252.0,255003.0,4967.0,25963.0,2912.0
1258,5687.0,256042.0,1466.0,14316.0,5076.0
1259,8559.0,227040.0,21077.0,16611.0,5493.0
1260,13242.0,259390.0,16797.0,19053.0,1334.0
1261,2458.0,266750.0,17605.0,6687.0,22743.0
1262,3203.0,221259.0,24757.0,8172.0,61217.0
1263,11477.0,245221.0,15353.0,41548.0,14747.0
1264,14145.0,224897.0,7525.0,33953.0,39094.0
1265,44272.0,161971.0,30553.0,44809.0,9024.0
1266,10593.0,243275.0,23839.0,22032.0,5893.0
1267,11570.0,210228.0,4641.0,22920.0,55701.0
1268,3335.0,217986.0,33939.0,9768.0,66534.0
1269,50135.0,197881.0,9262.0,64069.0,3306.0
1270,9716.0,207124.0,12576.0,25535.0,7762.0
1271,37900.0,181610.0,15533.0,48837.0,7200.0
1272,21469.0,213014.0,17034.0,26868.0,13857.0
1273,28495.0,231959.0,8547.0,27783.0,6576.0
1274,29444.0,236898.0,16239.0,30203.0,5140.0
1275,27464.0,174309.0,2345.0,49805.0,2069.0
1276,14283.0,209595.0,20744.0,31635.0,2311.0
