Image number,Object,Reliability,Size of box
0,car,73.2735157012939,56
0,car,93.4665739536285,100
1,car,98.7700760364533,5252
1,car,89.2951548099518,208
1,car,73.2582867145538,49
1,car,62.8121674060822,110
1,car,98.6790955066681,1944
2,car,94.5171415805817,29808
2,car,96.4029312133789,5394
2,car,61.2677335739136,70
2,car,74.4577527046204,132
3,car,97.2568094730377,3312
3,car,94.3054676055908,90
3,car,83.4430694580078,49
3,car,82.2586119174957,42
3,person,76.6639292240143,209
3,car,97.2703099250794,560
4,car,85.9000146389008,3675
4,car,93.6890065670013,132
4,car,91.7259633541107,90
5,,,
6,truck,91.927707195282,2800
6,car,72.881031036377,99
6,car,78.0139565467835,270
6,car,76.429158449173,182
6,car,88.7343347072601,221
6,car,98.069417476654,952
7,car,77.7929723262787,13158
7,car,66.1811828613281,33532
7,car,87.2729599475861,2736
7,car,91.2008821964264,306
7,car,71.8376159667969,252
7,car,95.8122730255127,1120
7,car,69.6428775787354,2040
8,car,98.782604932785,4386
8,car,98.1872618198395,270
8,car,83.4934711456299,440
8,car,96.4264988899231,1650
9,car,80.215048789978,220
10,car,91.6713297367096,26607
10,car,96.5018093585968,4838
10,car,63.6976182460785,6300
10,car,95.3256487846374,2430
10,car,79.1208207607269,1976
10,car,94.0736293792725,1833
11,person,62.6493573188782,84
11,motorbike,80.7538509368897,120
12,car,99.906986951828,4608
12,car,71.1767792701721,575
12,car,75.8868098258972,288
12,car,73.1475591659546,182
12,car,88.822478055954,182
12,car,65.0585949420929,110
12,car,81.590062379837,110
12,car,71.6834723949432,80
12,car,98.4820485115051,1716
13,car,99.7579991817474,27324
13,car,98.6486732959747,3416
13,car,77.8069496154785,338
13,car,66.5275990962982,110
13,car,77.7465760707855,88
13,car,78.7631630897522,400
14,car,70.768529176712,2691
15,car,99.6900498867035,6424
15,car,99.6810495853424,5796
15,car,60.0565552711487,81
15,car,89.9010300636292,221
15,car,65.8947646617889,286
16,car,98.1139957904816,28280
16,car,98.5013782978058,9882
16,car,92.5241231918335,336
16,car,94.1321730613708,924
16,car,88.1927371025085,2106
17,,,
18,car,99.8688340187073,28560
18,bus,92.3944413661957,28290
18,car,99.0015149116516,858
18,car,64.8966908454895,140
18,car,76.8187940120697,143
18,car,96.8044400215149,1260
18,car,94.0434634685516,1360
19,bus,99.6830463409424,22200
19,car,99.8885989189148,4214
19,car,96.1098432540894,196
19,car,63.8606429100037,624
19,car,98.5078573226929,1364
20,truck,98.862636089325,29230
20,car,82.886666059494,270
20,car,90.3017818927765,700
21,car,99.6988773345947,39032
21,car,68.0992603302002,4950
21,car,99.704921245575,3834
21,truck,60.8527183532715,575
21,person,91.8225526809692,140
22,,,
23,,,
24,,,
25,bus,92.042738199234,16224
25,car,77.9747724533081,648
25,car,82.4793040752411,414
25,car,97.7465629577637,1128
25,car,88.9851152896881,1386
26,,,
27,car,88.5414659976959,15180
27,car,97.2382247447968,4503
27,car,97.8903412818909,840
27,car,72.4246263504028,140
27,car,75.9856402873993,154
27,car,61.4547669887543,434
27,car,98.2942283153534,1748
28,car,97.4817633628845,8549
28,motorbike,61.7081224918366,1312
29,car,62.5461339950562,7623
29,car,93.198549747467,247
29,car,92.2954857349396,280
29,car,99.0099370479584,1517
30,motorbike,75.7535219192505,3465
30,motorbike,80.647736787796,3157
30,motorbike,79.7430217266083,2898
30,motorbike,87.8474175930023,2997
30,car,93.9476609230042,176
30,car,93.9231991767883,255
30,car,99.2367625236511,2835
30,motorbike,71.977174282074,1599
31,,,
32,car,91.180145740509,168
32,car,86.721795797348,462
33,car,76.051676273346,154
34,car,99.7792959213257,16872
34,car,69.0708994865418,110
35,car,98.770010471344,6327
35,car,76.8176794052124,100
35,car,75.8030772209168,100
35,car,86.2672507762909,56
35,car,74.9765634536743,56
35,car,78.8445889949799,64
35,car,72.9827404022217,90
35,car,75.8319318294525,306
35,car,92.7174925804138,1696
36,car,99.7390270233155,8712
37,car,95.4978168010712,19278
38,truck,62.2389078140259,28842
38,car,98.5951066017151,2178
39,car,99.939888715744,4032
39,car,81.037575006485,108
39,car,97.8673040866852,340
40,car,99.9226629734039,9017
40,car,96.2765097618103,288
40,car,60.780394077301,80
40,car,99.409556388855,1938
40,car,84.6180737018585,644
40,car,97.9235351085663,1632
41,car,99.6796727180481,21160
41,car,88.3881807327271,49
41,car,65.9398555755615,56
41,car,91.9752657413483,272
41,car,65.0202870368958,255
41,car,98.3744323253632,754
41,car,97.109442949295,1015
41,car,99.5473027229309,2580
42,car,99.9288022518158,4150
42,car,62.0362401008606,154
42,car,85.7933938503265,210
42,car,93.6389267444611,567
42,car,99.4867444038391,1320
43,car,99.4188308715821,16758
43,car,80.4972052574158,9240
43,car,90.1428520679474,741
43,car,86.8518233299255,210
43,car,61.9923889636993,150
43,car,92.1727001667023,1134
43,car,80.8661222457886,861
43,car,90.0205433368683,1121
44,car,68.7354862689972,132
44,car,73.7534046173096,140
44,car,97.8177845478058,736
44,car,96.5476155281067,2784
45,car,99.192875623703,14030
45,car,92.880392074585,44676
45,car,72.7684855461121,2610
45,car,98.3815133571625,182
45,car,81.4621031284332,420
45,car,98.4868168830872,1935
46,car,99.752140045166,10164
46,car,82.1157097816467,2607
46,car,96.5005099773407,704
47,car,98.5062539577484,9248
47,motorbike,91.9012188911438,5742
48,car,95.1578736305237,135
48,car,99.5442509651184,1102
49,car,89.7841691970825,18252
49,car,99.9283075332642,6072
49,car,84.489369392395,11120
49,car,66.4689362049103,228
49,car,83.4788799285889,1960
49,car,99.7981667518616,2014
49,car,85.413533449173,1824
50,car,99.896627664566,6555
50,car,94.3812310695648,336
50,person,66.9608592987061,168
50,car,80.1111400127411,1332
51,,,
52,truck,99.3338227272034,6900
53,car,86.3982498645783,352
54,car,80.8662712574005,81
54,car,93.6313450336457,324
55,car,99.2433190345764,21353
55,car,99.131041765213,5676
55,car,64.4528031349182,182
55,car,94.3560838699341,1330
56,car,97.6026594638824,1960
57,car,85.6073081493378,143
57,car,62.7742946147919,121
58,car,99.734902381897,31886
59,car,99.2990791797638,2343
60,car,94.0631806850433,8464
60,car,82.3980987071991,108
61,car,91.6947960853577,15576
61,car,94.9471950531006,110
61,car,96.5511858463287,494
62,truck,84.0651452541351,5406
62,car,82.2819232940674,638
63,car,97.5179374217987,26004
63,car,98.5523760318756,957
63,car,97.4984347820282,999
64,car,99.0085184574127,26313
64,car,89.3668293952942,80
64,car,95.0758993625641,120
64,car,68.4624910354614,360
64,car,99.7423350811005,1785
65,car,92.4116492271423,1024
66,person,99.4476199150085,1273
67,car,99.9277830123901,26924
67,car,92.4952328205109,55913
67,bus,63.6203169822693,3575
67,truck,60.6544375419617,5544
67,car,62.4584436416626,110
68,car,99.9778032302856,9164
68,car,78.1687319278717,63
68,car,90.2270197868347,182
68,car,98.8654851913452,2040
69,car,79.939603805542,143
69,car,79.4482588768005,156
69,person,94.3211674690247,817
70,,,
71,car,99.9605417251587,7410
71,car,98.8419592380524,234
71,car,98.5494077205658,1476
71,car,85.0031614303589,391
72,car,90.3443157672882,29106
73,car,98.597776889801,15762
73,car,76.5139102935791,396
73,car,97.6084053516388,224
74,car,96.4324772357941,210
75,car,99.7299194335938,3828
75,car,90.664929151535,725
76,car,84.6724927425385,65314
76,car,93.4547603130341,5658
76,car,60.234260559082,225
76,car,70.7496702671051,208
76,car,63.8604879379272,168
76,car,86.6274654865265,374
76,car,87.9846155643463,777
76,car,66.6469037532806,1250
77,car,99.9215245246887,8568
78,car,96.3023364543915,42840
78,car,88.7440741062164,792
79,car,97.6049661636352,35898
79,car,99.5489776134491,7728
79,car,61.9267702102661,72
79,car,70.8590745925903,56
79,car,88.7977957725525,81
79,car,70.9170937538147,99
79,car,97.0079362392426,165
79,car,86.483359336853,204
79,car,72.2476124763489,195
79,car,98.9484786987305,1155
80,car,99.9195218086243,25125
80,car,91.8097496032715,5022
80,car,99.4977176189423,8855
80,car,82.6875269412994,320
80,car,92.3839569091797,532
81,,,
82,car,87.6440048217773,270
82,car,97.4682986736298,1536
83,car,96.753317117691,1584
84,car,99.8018562793732,13224
84,car,92.640483379364,221
84,car,92.8258419036865,1715
85,car,99.8864710330963,22072
85,car,68.5604751110077,121
85,person,65.3319239616394,140
85,car,76.2176275253296,702
85,car,91.9491112232208,300
85,car,99.6701419353485,3268
85,person,71.9656705856323,578
85,person,94.559782743454,800
86,car,99.8167037963867,6800
86,car,85.7909917831421,11760
86,car,96.1414277553558,437
86,car,98.293799161911,2596
87,car,99.5815753936768,7150
87,car,93.0411100387573,340
87,car,99.3422269821167,1764
88,car,99.7760951519012,23711
88,car,98.5524713993072,6136
88,car,81.8756580352783,814
88,car,60.3944420814514,1683
88,car,95.8645880222321,2464
89,car,91.1680042743683,31248
89,car,99.3670284748077,12006
90,car,99.9582648277283,8325
90,car,95.5267310142517,675
90,car,98.9496946334839,1640
91,traffic light,83.6126506328583,836
91,traffic light,84.2140018939972,817
91,person,79.6083390712738,200
91,car,90.732741355896,240
91,truck,66.6000366210938,2052
92,car,99.5740294456482,27560
92,car,87.7790510654449,195
93,car,75.4042029380798,168
93,person,72.8648960590363,210
93,car,94.6056187152862,1763
94,car,86.0568642616272,20727
94,car,98.8107264041901,32342
94,car,99.5795607566834,5120
94,car,90.0782525539398,300
94,car,88.239586353302,400
94,car,74.8959243297577,1073
94,car,99.1520404815674,1720
94,car,98.0502188205719,3036
95,car,99.5904982089996,7918
95,car,64.118766784668,180
95,car,90.8127903938294,224
95,car,98.4761238098144,1596
96,car,99.3916094303131,22040
96,car,99.8848676681519,5846
97,car,71.9899535179138,288
97,car,69.5140540599823,132
97,car,95.7804024219513,210
97,car,74.0555226802826,272
97,car,90.7128095626831,1092
98,car,79.0602684020996,209
98,car,60.0613474845886,81
98,car,63.4626269340515,56
98,car,79.1220307350159,210
99,car,71.1440861225128,144
99,car,77.1480143070221,168
99,car,95.4879462718964,240
99,car,99.2320775985718,748
100,car,74.472439289093,144
100,car,78.8562774658203,180
100,car,61.7082953453064,957
100,car,70.3602254390717,288
100,car,72.3201155662537,345
101,car,99.0967452526092,7811
101,car,95.12500166893,759
101,car,99.5737731456757,2144
102,car,97.8477776050568,18315
102,car,93.6789095401764,11440
102,car,99.5443820953369,3038
102,car,99.607652425766,8253
102,car,84.9305093288422,6448
102,car,65.2565538883209,775
102,car,94.2674517631531,357
102,car,99.1162717342377,780
103,car,99.3910133838654,4028
103,car,96.0675418376923,540
104,car,95.1130867004394,47196
104,car,97.3620712757111,3904
104,car,96.9820201396942,725
104,car,73.4241783618927,80
105,traffic light,97.5260019302368,180
105,traffic light,90.8228099346161,348
106,car,99.7245252132416,40590
107,person,81.9484055042267,624
107,person,74.4380235671997,319
107,person,71.1345911026001,780
107,person,62.1983647346497,903
108,motorbike,64.4999265670776,3174
108,bicycle,83.2749247550964,2520
108,car,95.7100212574005,224
108,car,88.8960540294647,143
108,car,62.7500653266907,143
108,car,86.4598512649536,252
108,car,94.921749830246,644
108,car,88.5796070098877,1836
109,car,97.2738742828369,19422
109,car,61.7686152458191,4290
109,truck,66.419643163681,4092
109,car,99.8677849769592,5665
109,car,94.7007775306702,6120
109,car,99.3787527084351,1394
110,car,99.713796377182,6300
110,car,92.5150454044342,144
110,car,80.3807437419891,90
110,person,69.610595703125,592
110,car,82.4633538722992,340
111,truck,98.4824120998383,45627
111,car,83.302766084671,154
111,car,81.7556917667389,374
111,motorbike,61.903041601181,1804
112,car,63.6837542057037,144
112,car,98.4641611576081,1628
113,car,98.222404718399,11454
114,car,98.5077619552613,26167
114,car,99.1854608058929,6231
114,car,80.8941066265106,510
114,car,99.2088258266449,1365
114,car,99.2109417915344,2156
115,car,99.2374539375305,15622
115,car,91.5145993232727,609
115,car,98.8820254802704,1394
116,car,69.8643982410431,264
116,car,85.0499272346497,143
116,car,86.7042362689972,720
116,car,60.5413556098938,260
116,car,81.868702173233,1836
116,car,96.7709183692932,2989
117,car,98.5114574432373,486
118,car,99.0018427371979,14094
118,car,99.3709087371826,7171
118,car,99.6112823486328,12971
118,car,94.6469664573669,1000
118,car,95.3258633613586,418
118,car,72.6697504520416,182
118,car,79.6588718891144,910
118,car,99.4299113750458,1860
119,car,90.0158166885376,208
119,car,90.759414434433,156
119,car,96.0279226303101,195
119,car,77.5911688804626,132
119,car,94.3410277366638,1050
120,car,99.6494948863983,6125
120,car,83.9422285556793,2013
120,car,74.3702590465546,1350
121,car,95.7011520862579,19323
121,car,91.0435616970062,3870
121,car,87.6940071582794,10530
121,person,89.7814750671387,297
122,car,99.7507274150848,21500
122,car,75.1578509807587,1200
122,car,66.6535794734955,130
122,car,68.6517179012299,225
122,truck,73.5177576541901,675
122,car,88.5229468345642,272
122,car,89.0283584594727,1750
122,car,96.9290912151337,396
122,car,90.6608700752259,800
122,car,98.2832133769989,2640
122,motorbike,72.5945472717285,1344
123,car,99.0051984786987,18190
123,car,99.0149915218353,3528
123,car,71.9723522663116,4830
123,car,71.8084633350372,144
123,car,87.9729807376862,210
124,car,99.2595434188843,26741
124,car,96.7663168907166,11660
124,car,98.4520792961121,798
124,car,98.7064480781555,1197
125,car,90.8413529396057,64701
125,car,98.0531811714172,51917
125,car,99.5430529117584,8160
125,car,97.7682054042816,357
125,car,98.7869083881378,400
125,car,97.1049249172211,864
125,car,98.914909362793,1518
125,car,99.1844773292542,1886
126,car,86.7274701595306,420
126,car,99.4593024253845,2044
126,car,98.7359762191772,920
126,car,86.1080288887024,437
126,car,99.5105862617493,1496
127,car,98.3538687229156,19040
127,car,96.0537254810333,17750
127,car,94.6584343910217,7040
127,car,63.8215184211731,9548
127,car,67.2754049301147,322
127,car,74.2917120456696,1248
127,car,76.9462764263153,1215
128,car,99.8958647251129,4368
128,car,95.1808094978332,195
128,car,99.1106986999512,768
129,car,99.4664430618286,40425
129,car,99.8696684837341,9271
129,car,78.7471055984497,198
129,car,88.7754797935486,2162
130,car,98.3888864517212,5372
130,car,94.1614508628845,483
131,car,67.7601993083954,72435
131,person,96.5362191200256,1872
132,car,99.582451581955,14916
132,car,98.8847732543945,5192
132,car,95.3057885169983,9828
132,car,99.6430814266205,19436
132,car,97.4083721637726,2945
132,car,95.8763360977173,918
132,person,62.0436370372772,120
132,car,82.2403609752655,2064
132,car,88.5997116565704,2124
132,car,88.0088329315186,2124
133,car,88.8957440853119,50196
133,car,99.9022483825684,5893
133,car,77.1350681781769,345
133,car,77.4657130241394,144
133,car,78.8421332836151,638
133,car,95.5864787101746,1716
134,car,99.6540725231171,13803
134,car,65.8637940883637,110
134,car,65.3206050395966,42
134,car,99.2672681808472,1092
134,car,93.3084666728973,336
135,car,95.720624923706,15370
135,car,98.7134635448456,23736
135,car,98.7707734107971,27528
135,car,75.8475363254547,192
135,car,69.875168800354,108
135,car,87.2399389743805,425
135,person,90.2298986911774,1242
135,car,98.6759305000305,2397
135,car,79.7870099544525,1395
136,,,
137,car,95.5999970436096,5500
137,motorbike,87.5199854373932,4902
138,car,82.0798456668854,23124
138,car,68.4828996658325,38622
138,car,97.2951889038086,1650
138,car,73.6255407333374,580
138,car,76.3966739177704,2112
138,car,96.8555331230164,1600
138,car,66.7352855205536,2409
139,car,97.5706458091736,18880
139,person,93.841540813446,2590
139,car,96.4948177337646,3551
139,car,89.3592059612274,14364
139,car,85.1314306259155,255
139,car,68.865042924881,90
139,car,87.855327129364,156
139,car,70.6331193447113,156
139,car,89.7868871688843,416
139,car,98.3137786388397,650
139,car,60.7372343540192,910
139,car,99.3726789951324,2494
140,pottedplant,64.0715420246124,2625
140,person,98.2642412185669,3780
140,pottedplant,79.6964049339294,4698
140,car,98.0727314949036,851
140,car,92.5955176353455,182
140,car,72.6483106613159,121
140,car,89.9403393268585,130
140,car,73.9013075828552,90
140,car,87.3252391815186,80
140,car,89.4781470298767,360
140,motorbike,61.7682456970215,1666
140,motorbike,60.4944944381714,775
140,car,86.9316697120667,1568
141,car,99.844616651535,5170
141,car,99.7505724430084,6120
141,person,99.7511804103851,4838
141,car,94.8684096336365,252
141,car,95.5037593841553,928
141,car,97.3556399345398,1295
141,car,78.5478293895721,874
141,person,93.5756087303162,1040
142,car,95.4850733280182,5621
142,car,77.9984772205353,4590
142,car,92.6774859428406,22375
142,car,62.4417424201965,160
142,car,60.3781044483185,108
142,person,70.9460318088532,208
142,person,67.0306205749512,189
143,car,85.2061629295349,5824
143,car,97.4177777767181,4048
143,car,98.8706409931183,6248
143,car,97.5988328456879,9432
143,car,98.6330628395081,6936
143,car,74.1113066673279,143
143,car,64.952290058136,168
143,car,79.5771360397339,456
143,car,61.5128219127655,1426
143,truck,67.8775548934937,1749
143,car,79.3993175029755,999
144,car,73.5083222389221,30268
144,car,91.470330953598,5070
145,car,99.9647915363312,18447
145,car,79.3565511703491,81
145,car,65.3800189495087,56
145,car,91.8671011924744,121
145,car,98.5677003860474,1290
146,truck,70.6074953079224,24112
146,car,98.622715473175,15158
146,car,97.980672121048,18336
146,car,60.2425456047058,110
146,car,76.5965580940247,56
146,car,82.0518672466278,100
146,car,91.2199378013611,425
146,car,86.5226209163666,667
146,car,96.6988444328308,1476
146,car,96.7130899429321,2450
147,,,
148,person,95.6803023815155,2450
148,car,64.3361628055573,132
148,car,76.2395679950714,72
148,car,92.147570848465,225
148,car,95.3855454921722,961
148,car,78.0777037143707,567
148,car,87.1666014194489,2208
148,car,97.8657305240631,2961
149,,,
150,car,99.8954594135284,6431
150,car,79.8977434635162,1176
151,car,91.0795331001282,37062
151,car,98.6526310443878,7878
151,person,90.1419878005981,3864
151,person,88.262814283371,5566
151,car,79.0847420692444,110
151,car,89.807516336441,675
151,car,97.5947082042694,1584
152,car,64.1011714935303,210
153,car,99.9125480651856,13585
153,car,99.2088317871094,4368
153,car,88.4623348712921,840
153,car,99.2045164108276,1554
154,car,99.9675810337067,8772
154,car,97.5871026515961,483
154,car,95.7677006721497,224
154,car,86.5456461906433,306
154,car,75.6264507770538,340
154,car,98.2209205627441,380
154,car,95.0192630290985,576
154,car,99.5617032051086,1820
155,car,98.5861957073212,29256
155,car,99.1975903511047,3591
155,car,93.2356178760529,560
156,car,94.7998464107513,31320
156,car,89.1510605812073,506
156,car,90.57697057724,280
156,car,85.6642842292786,253
156,car,94.062203168869,770
157,,,
158,car,92.9400682449341,4473
158,car,99.5467066764832,6180
158,car,99.092423915863,19680
158,car,92.66277551651,169
158,car,98.423171043396,986
158,car,60.0772440433502,210
158,car,91.0942018032074,704
159,car,99.730795621872,27192
159,car,98.7202286720276,4130
159,car,69.8442816734314,4180
159,car,99.7707188129425,8586
159,car,87.9364252090454,156
159,car,95.6432700157166,891
160,car,98.7609207630158,26331
160,car,96.9005227088928,1938
161,car,98.7373173236847,20100
161,car,99.6428370475769,8132
161,car,60.317987203598,49
161,car,86.2764060497284,132
161,car,81.3366055488586,180
161,car,93.8194215297699,360
161,car,68.1583762168884,408
161,car,99.6550977230072,1755
162,car,99.5789587497711,13832
162,car,94.4087207317353,3649
162,car,99.1056859493256,6565
162,car,97.1908509731293,10032
162,bus,77.4622857570648,1702
162,car,85.1231515407562,168
162,car,60.4464292526245,90
162,car,63.9260709285736,240
162,person,95.9664821624756,1276
163,car,98.7766802310944,2800
164,car,84.509938955307,29744
164,car,68.9603209495544,132
164,car,62.4137222766876,130
164,person,99.6878385543823,1587
165,,,
166,car,98.8531410694123,32074
166,car,68.3559477329254,154
166,car,98.2513725757599,750
167,person,67.8589105606079,133
167,car,69.8083639144897,132
167,car,79.7829329967499,99
167,car,90.3651475906372,144
167,person,78.4390509128571,171
167,person,68.0674433708191,184
167,person,94.8801815509796,874
167,car,99.3944883346558,1978
167,pottedplant,73.5282361507416,1856
168,truck,97.0237970352173,7912
168,car,64.9593114852905,272
169,car,99.8729884624481,23940
169,car,91.8867349624634,42075
169,car,99.2663204669952,5307
169,car,82.7681064605713,7740
169,car,71.0359871387482,100
169,car,72.71648645401,144
169,car,60.6882274150848,304
169,car,84.9147796630859,208
169,car,91.5131390094757,342
169,car,65.7270431518555,1254
169,car,85.4177415370941,660
169,car,95.8709120750427,1892
170,car,98.4338819980621,33892
170,car,98.8948941230774,2842
170,car,88.4746909141541,980
171,car,88.0623042583466,29896
171,car,94.9556827545166,5494
171,car,90.7829403877259,483
171,car,64.2645657062531,336
171,car,99.3680834770203,1258
171,car,98.9463567733765,1665
171,car,61.8893146514893,693
172,car,98.0334520339966,9760
172,car,78.3194899559021,88
172,car,60.9239220619202,63
172,car,91.7375028133392,775
173,car,73.5167264938355,30810
173,car,90.2334332466126,240
173,car,61.7805302143097,144
173,car,79.3732583522797,225
173,car,97.1933424472809,621
173,car,92.2538101673126,399
173,car,97.7997899055481,1056
173,car,99.6154189109802,2064
174,car,83.6811482906342,216
175,car,99.6237814426422,26488
175,car,94.6380138397217,864
175,car,64.6052956581116,940
175,car,99.5753467082977,1590
175,car,62.1699452400208,897
176,person,99.0186631679535,6758
176,car,73.0383276939392,238
176,motorbike,74.8801112174988,1316
176,car,99.2084860801697,1102
176,car,96.6989636421204,2006
177,car,99.4391858577728,8777
177,car,98.771721124649,754
177,car,98.5140025615692,1836
178,bus,97.4618136882782,42355
178,car,92.7485823631287,255
178,car,93.6340391635895,255
178,car,97.5870490074158,986
178,person,99.1257905960083,1512
179,car,99.1001546382904,73216
179,car,98.0601608753204,3657
179,car,64.6513342857361,165
179,car,94.9679136276245,1200
180,car,98.8693475723267,15228
180,car,97.5263714790344,4648
180,car,65.0559723377228,99
180,car,73.966383934021,840
180,car,69.7933495044708,288
180,car,95.392370223999,1518
180,car,95.1568782329559,3380
181,,,
182,car,89.605188369751,27690
182,car,88.6714994907379,208
182,car,97.8014409542084,700
182,person,85.673588514328,320
182,person,98.2760310173035,765
183,bus,95.9403157234192,1683
183,car,76.3035774230957,169
183,car,72.6590394973755,195
183,bus,75.3385305404663,1320
183,car,98.8647282123566,999
183,car,97.1709907054901,775
183,person,70.5898523330689,207
183,person,61.9420528411865,242
184,car,99.4737029075623,27348
184,car,93.0842995643616,4144
184,car,72.3380565643311,304
184,car,87.6630663871765,320
184,car,97.2649037837982,930
184,car,82.55814909935,414
185,car,99.7165262699127,14190
185,car,89.1395330429077,71806
185,car,98.2588887214661,690
185,car,98.164838552475,600
185,car,70.5816030502319,364
185,car,69.3057298660278,112
185,car,73.0520904064178,117
185,car,97.4648714065552,810
186,,,
187,car,90.6480133533478,15867
187,car,99.9136030673981,4860
187,car,77.449095249176,315
187,car,79.7184109687805,437
187,car,98.1174170970917,2040
187,car,89.35906291008,792
187,car,94.6024358272552,368
187,car,99.5077192783356,1216
188,car,94.6421027183533,4399
188,person,93.1526780128479,2212
188,car,78.3324956893921,221
189,car,98.5451936721802,33005
189,car,96.978348493576,3570
189,car,99.6457040309906,6860
189,car,71.6037452220917,96
189,car,95.9199786186218,252
189,car,73.5318005084991,725
190,car,96.782261133194,374
191,car,92.8876399993896,4214
191,car,97.9725480079651,1218
191,car,95.3662514686584,532
191,car,70.0758814811707,396
191,car,97.7907478809357,1470
192,car,92.3864483833313,17024
192,car,99.8079419136047,10234
192,car,98.2579410076141,19344
192,car,67.7326321601868,100
192,car,97.8824377059936,196
192,car,88.8358354568481,132
192,car,96.2765455245972,408
192,car,99.3133723735809,1750
193,car,99.8796463012695,20252
193,car,99.6986150741577,4536
193,car,94.7128653526306,816
193,car,94.6716904640198,440
194,motorbike,99.0684509277344,3717
194,car,63.9149129390717,144
194,car,74.4407832622528,80
194,car,92.7497148513794,81
194,car,87.6485228538513,294
194,car,98.3264029026032,1620
195,car,98.3895301818848,5044
195,car,80.8162689208984,513
195,car,93.3586239814759,902
196,person,88.7996017932892,2553
196,car,99.1510510444641,21777
196,car,60.8082413673401,340
196,person,62.413227558136,228
196,car,98.9100813865662,1120
197,car,84.614098072052,270
197,car,85.9687864780426,176
197,car,91.616678237915,638
197,car,83.1243932247162,552
197,car,96.8174159526825,1680
198,car,80.2344918251038,120
198,car,99.5291769504547,2346
199,car,99.5907247066498,22152
199,car,99.9289751052856,8896
199,car,95.0328469276428,400
200,car,66.235363483429,101104
200,bus,99.5973527431488,6417
200,motorbike,91.64999127388,5292
200,car,93.9162313938141,6149
200,car,86.8775904178619,192
200,car,74.5481073856354,340
200,car,95.9408044815064,2142
201,bus,99.7201442718506,44850
201,car,65.7208561897278,99
202,truck,75.1996040344238,13054
202,car,93.9444184303284,30246
202,car,76.9396841526032,10670
202,car,89.9532675743103,3712
202,car,88.8068675994873,320
202,car,98.103278875351,1023
202,car,94.3221032619477,2450
203,,,
204,car,89.9882435798645,154
205,car,99.1576731204987,14025
205,car,99.0597248077393,28310
205,car,95.4874038696289,4312
205,car,67.5964057445526,3869
205,car,98.91037940979,5355
205,car,73.1892585754395,256
205,car,75.0639140605927,182
205,car,69.8533535003662,110
205,car,95.0929999351502,400
205,car,65.8323407173157,2600
205,car,96.2818801403046,1326
205,car,75.8150815963745,2090
206,car,98.0806887149811,44736
206,car,99.5169818401337,10184
207,,,
208,person,98.7192451953888,5355
208,person,98.2445478439331,5040
208,bus,98.6546814441681,2320
208,person,69.7380006313324,962
208,handbag,77.0484864711762,855
208,handbag,65.3688430786133,1148
209,car,99.8952448368072,10960
209,car,75.7307708263397,255
209,car,90.4272019863129,1044
209,car,93.2338774204254,1763
210,car,99.5403528213501,7918
210,car,83.0192685127258,169
210,car,87.2180342674255,120
210,car,71.0958182811737,72
210,car,91.3429915904999,256
210,car,73.0513572692871,240
210,car,67.5949156284332,360
210,car,99.1693735122681,1836
211,car,98.8426864147186,3264
211,car,64.7337377071381,5967
211,car,68.7391519546509,143
211,car,92.879718542099,117
211,car,74.0556716918945,400
211,car,77.7744233608246,294
211,car,74.4963526725769,851
212,,,
213,car,99.7573375701905,34362
213,car,90.7902002334595,550
213,car,78.8433253765106,805
214,car,98.3130574226379,13872
214,car,97.4496424198151,25740
214,car,94.1706478595734,192
214,car,94.9016094207764,144
214,car,95.8693444728851,513
215,car,99.5959460735321,18150
215,car,99.1175591945648,22152
215,car,96.7196345329285,255
215,car,86.847048997879,910
215,car,92.4743950366974,644
215,car,98.4637081623077,2400
215,car,99.144858121872,2652
216,car,96.8051850795746,1000
216,car,98.413074016571,2336
217,car,87.5646650791168,528
217,car,99.2325007915497,1081
217,car,96.6135144233704,1188
218,traffic light,75.3552854061127,435
218,traffic light,86.7617905139923,680
218,car,75.1332998275757,54
218,car,74.0571320056915,48
218,car,78.4671664237976,156
218,car,87.2814238071442,672
219,motorbike,79.4539868831635,7425
219,car,62.1383309364319,360
219,car,92.883038520813,1053
219,car,97.6300120353699,928
219,car,98.8155364990234,2440
219,car,97.2545802593231,2948
220,car,79.6167373657227,90
220,car,96.6628611087799,1170
221,car,99.4495034217834,18748
221,car,99.2741644382477,2640
221,car,64.8158609867096,66
221,car,98.0487406253815,1404
222,,,
223,car,98.499596118927,59180
223,car,99.6314883232117,5427
224,car,99.4835734367371,29848
224,car,98.7150490283966,4030
224,car,97.6008355617523,210
224,car,63.8564944267273,54
224,car,95.6005573272705,143
224,car,62.4647915363312,144
224,car,98.4839558601379,650
225,traffic light,74.4473457336426,154
225,car,64.000803232193,120
226,traffic light,85.5091869831085,828
226,traffic light,80.6086778640747,946
226,traffic light,71.7623770236969,779
226,traffic light,75.3871858119965,1053
226,car,88.7610971927643,1425
226,car,87.7123475074768,1820
226,car,78.685337305069,240
227,truck,88.2729768753052,3234
227,car,60.6195211410522,143
227,car,81.2439858913422,90
227,car,97.0482885837555,812
228,car,97.4720537662506,14725
228,car,67.6086068153381,120
228,car,65.8263921737671,77
228,car,75.1765847206116,306
228,car,70.8046674728394,195
228,car,98.3214855194092,1800
229,bus,99.9778091907501,61760
229,car,93.6121881008148,650
230,car,99.0798950195312,5243
230,car,95.0859785079956,180
230,car,73.9986777305603,1080
230,car,83.8624954223633,1920
231,car,99.1439700126648,9280
231,car,90.638679265976,513
231,car,62.7989411354065,112
231,car,89.8772656917572,162
231,car,99.2462396621704,486
231,car,83.575713634491,884
232,car,69.616436958313,56
232,car,95.8821713924408,210
232,car,96.0164308547974,110
232,car,98.754358291626,1736
233,car,88.4383082389832,1444
233,car,86.8316173553467,621
233,car,98.7370669841766,3403
234,car,98.7798035144806,16717
234,car,89.2448604106903,3604
234,car,97.2514271736145,5643
234,car,76.3718783855438,903
234,car,98.6291706562042,2178
235,car,99.6109962463379,10738
235,car,89.4527077674866,192
235,car,89.3370926380158,143
235,car,70.1450109481812,49
235,car,99.0499794483185,989
235,person,85.3728115558624,410
236,truck,76.608020067215,6018
237,car,99.9425530433655,20618
237,car,99.868655204773,6042
238,car,70.4332649707794,99
238,car,93.8791751861572,418
239,car,91.676515340805,8850
239,truck,91.2414312362671,2400
239,car,83.7786972522736,2112
240,person,70.9212243556976,912
241,car,64.2585694789887,196
242,car,97.6492822170258,32970
242,car,97.7091014385223,3480
242,car,89.3127918243408,88
242,car,95.2197134494782,1170
243,car,78.7760674953461,88
244,car,92.8769290447235,729
244,car,97.4161803722382,1505
245,car,98.4535753726959,15184
245,car,99.3330478668213,22557
245,car,77.8413236141205,225
245,car,77.0819783210754,210
245,car,94.3268835544586,576
245,car,99.6433138847351,2091
246,car,99.817419052124,33252
246,car,99.6995508670807,3300
246,car,83.0176651477814,286
246,car,60.3612661361694,120
246,car,94.9980795383453,160
246,car,94.9483931064606,754
247,bus,99.9301731586457,61308
247,car,94.5025205612183,324
247,car,95.4065084457398,169
247,car,98.9521205425262,1290
248,,,
249,car,62.5463962554932,64
249,car,83.5041999816895,132
249,car,91.1841571331024,143
249,car,85.0884914398193,108
249,car,96.8122124671936,176
249,car,94.7155773639679,784
249,car,96.4171528816223,750
250,motorbike,91.6016697883606,2583
250,car,91.6962742805481,399
250,car,93.4621095657349,255
251,,,
252,,,
253,car,89.7661209106445,1248
254,car,98.1095850467682,13825
255,,,
256,person,95.977658033371,152
256,person,69.3997740745544,275
256,person,77.8881967067719,220
257,,,
258,car,72.9381322860718,441
259,car,61.0925257205963,70
259,car,89.3487632274628,1640
259,car,94.0133333206177,812
259,person,97.3000347614288,1650
259,person,90.5064880847931,1225
260,,,
261,car,79.6754598617554,108
262,,,
263,car,99.9570965766907,7930
263,car,98.8366544246674,672
263,car,95.7438707351685,323
263,car,88.5247349739075,224
263,car,92.7651524543762,621
263,car,99.6810793876648,1386
264,car,99.1093456745148,17170
264,car,72.3414063453674,13410
264,car,99.3943214416504,9520
264,car,97.3481237888336,17850
264,car,62.4936044216156,108
264,car,80.1236569881439,286
264,car,82.1650266647339,288
264,car,96.0709929466248,336
264,car,88.6246979236603,2160
265,car,97.0259070396423,440
265,car,99.5932757854462,1728
266,,,
267,,,
268,car,86.4183485507965,90
268,car,95.8973467350006,208
268,car,98.4595656394958,750
269,car,96.095085144043,27504
269,car,93.5367107391357,1175
269,car,63.4257376194,240
269,car,90.5297458171844,270
269,car,90.9365355968475,150
269,car,94.7102844715118,432
269,car,94.1244721412659,1656
270,car,99.2956995964051,19038
270,car,89.0449404716492,221
270,car,94.7382271289825,255
270,car,99.4190990924835,1617
271,car,99.3112087249756,13350
272,car,99.7063934803009,6111
273,car,65.4684007167816,1064
273,car,79.9033939838409,49
273,car,97.8064775466919,144
273,car,99.5774924755096,2145
274,car,97.832065820694,40128
274,car,99.7405529022217,3450
274,car,65.3945744037628,72
274,car,95.7502543926239,121
275,car,99.9100625514984,20648
275,car,79.6893894672394,576
275,car,93.715763092041,2537
276,car,95.4760551452637,22385
276,car,97.047883272171,4060
276,car,97.5948929786682,8096
276,car,95.8014607429504,23088
276,car,90.9993827342987,195
276,car,95.4147815704346,288
276,car,94.0050840377808,480
276,car,99.3709623813629,1116
276,car,62.0175182819366,529
276,car,99.7762978076935,1749
277,car,86.8414998054504,72
277,car,85.1517856121063,80
278,car,98.8225519657135,15402
278,car,99.4501173496246,4320
278,car,98.9706873893738,3818
278,car,99.9123990535736,9472
278,car,80.0633549690247,238
278,car,97.8690445423126,966
278,car,81.0466110706329,770
279,motorbike,88.1040990352631,20043
279,motorbike,74.6999204158783,4081
279,car,86.1973941326141,110
279,car,68.7605261802673,143
279,motorbike,70.5235958099365,1330
280,,,
281,car,99.0238785743713,3250
281,car,99.610185623169,7564
281,car,83.6974263191223,1505
282,truck,81.6347599029541,5060
282,car,63.0299508571625,1140
283,car,99.9496161937714,24924
283,car,99.7647523880005,3942
283,car,76.5331327915192,240
283,car,65.6939446926117,208
283,car,86.5578889846802,312
284,car,99.1365015506744,17480
284,car,95.9174692630768,17910
284,car,73.503440618515,49
284,car,97.4240601062775,240
284,car,66.0232126712799,1443
284,car,75.9652137756348,648
284,car,98.658949136734,2250
285,traffic light,65.6825244426727,209
285,car,96.0988879203796,611
285,car,95.8119690418243,656
286,car,74.7720658779144,68432
286,car,94.727349281311,39114
286,car,97.2319722175598,6080
286,car,68.5433328151703,280
286,car,99.5635151863098,2451
286,car,86.7602288722992,945
287,car,99.477082490921,49000
287,car,92.4590587615967,300
287,person,91.2011682987213,1131
288,,,
289,car,98.6633956432342,4386
289,car,99.727201461792,10080
289,car,87.6638412475586,675
289,car,82.5591325759888,224
289,car,76.7469227313995,132
290,car,88.8942778110504,323
290,car,84.688800573349,648
291,car,94.1792845726013,22794
291,car,98.4927713871002,4400
291,car,78.4813225269318,240
291,car,96.6606438159943,832
291,car,98.8271594047546,1674
292,car,99.4649767875671,38142
292,person,63.4254336357117,1288
292,motorbike,87.313437461853,1763
293,car,99.8532593250275,3922
293,car,99.4646787643433,18576
293,car,86.0321342945099,64
293,car,91.0386919975281,342
294,car,99.9814391136169,21894
294,car,98.8565683364868,20436
294,car,99.5828986167908,3422
294,car,81.0072898864746,56
294,car,86.2745940685272,110
295,,,
296,car,88.9614462852478,43928
296,car,99.6221244335175,45548
296,car,97.0266759395599,4446
296,car,98.9096581935883,8134
296,car,63.8655543327332,288
296,car,68.1894063949585,168
296,car,70.6094622612,132
296,car,64.9628281593323,80
296,car,88.0909085273743,144
296,car,86.0021650791168,234
296,car,96.2979674339294,925
296,car,99.8526692390442,2340
297,motorbike,80.066990852356,2800
297,bird,63.6504352092743,50
297,car,96.5677678585052,378
298,car,99.666428565979,3726
298,car,99.6240377426148,10248
298,traffic light,65.2460277080536,288
298,car,94.1563785076141,121
298,car,81.1179995536804,90
298,car,97.0470786094666,1216
298,car,96.7412114143372,238
298,car,91.6797161102295,624
299,,,
300,car,99.928230047226,30351
300,car,99.8514235019684,5490
300,car,79.4342458248138,270
300,car,92.6549971103668,896
300,car,88.8890624046326,1736
301,car,99.8698174953461,14094
301,car,97.9172348976135,1652
301,car,97.6466536521912,1386
301,car,93.0760204792023,969
302,car,99.5299458503723,13871
302,car,98.896050453186,24190
302,car,81.6995859146118,225
302,car,91.4271295070648,598
302,car,99.0347623825073,2268
303,person,89.532333612442,160
303,person,99.2112338542938,1675
303,person,94.1929161548614,1265
304,motorbike,70.1174855232239,667
305,car,99.7754037380218,4368
305,car,90.0002002716064,648
306,car,99.3696391582489,15180
306,car,86.3202631473541,169
307,,,
308,car,99.1934597492218,22320
308,car,84.7972929477692,2450
308,car,98.7265825271606,3233
308,car,95.9567666053772,132
309,car,89.8097276687622,81
310,car,99.4478583335876,15900
310,car,99.79527592659,3570
310,car,83.1353604793549,192
310,car,97.6019144058228,690
311,car,99.4823217391968,4956
311,car,70.6790447235107,154
311,car,88.9815986156464,783
312,car,98.1044828891754,39501
312,car,94.6295738220215,210
313,car,99.7930347919464,79323
313,car,96.4636087417602,21620
314,bus,99.7995853424072,105245
314,car,99.7042894363403,1680
315,car,99.3113219738007,54168
315,car,98.8124132156372,9579
315,car,88.936197757721,496
315,car,71.0435211658478,224
316,car,99.1986513137817,6324
316,car,95.0980484485626,4171
316,car,91.7232751846314,897
317,car,94.7284281253815,15444
317,car,79.8394441604614,37674
317,car,99.7097790241242,6255
317,car,99.5090246200562,15996
317,car,74.6947467327118,260
317,car,62.2116148471832,132
317,car,80.6452512741089,221
317,car,74.9895751476288,1484
317,car,96.6666638851166,936
318,car,89.82834815979,1045
319,car,66.7264997959137,108
319,car,84.5478951931,300
320,car,99.7687339782715,4128
320,car,99.4345724582672,5015
320,car,75.5581378936768,80
320,car,63.9176607131958,225
320,car,99.6435344219208,1720
321,car,98.9615261554718,4656
321,car,65.8916831016541,272
321,car,96.0929572582245,1247
321,car,95.3567326068878,1809
321,car,98.7854063510895,1036
321,car,99.5609879493713,936
321,car,99.2137014865875,1066
322,,,
323,car,98.9738821983337,16100
323,motorbike,95.8983659744263,14848
323,car,98.828798532486,10320
323,motorbike,77.4596929550171,4760
323,car,95.3368246555328,1188
324,truck,94.9343323707581,26650
324,car,96.5519070625305,667
324,car,95.6676423549652,3000
325,car,99.0319430828094,10388
325,traffic light,60.412585735321,160
325,traffic light,70.7167625427246,216
325,car,76.2212336063385,360
325,car,91.38103723526,615
325,person,77.2418916225433,406
326,car,99.7531056404114,4380
326,car,99.9046444892883,3520
326,person,99.6430099010468,8280
326,car,96.3188409805298,380
326,car,89.7401511669159,736
326,car,89.2263114452362,651
326,car,65.9384608268738,273
327,car,99.839437007904,7828
327,car,99.9666512012482,8556
327,car,98.5540986061096,8019
327,car,94.2900538444519,18700
327,car,67.838853597641,156
327,car,60.1206958293915,300
327,car,64.0757083892822,1927
328,,,
329,car,99.479615688324,41976
329,car,99.936032295227,5040
329,car,90.858381986618,357
329,car,99.0466475486755,1404
329,car,87.8119945526123,864
330,car,74.812650680542,165
330,car,98.6813008785248,765
330,car,74.7363746166229,168
330,car,91.5402948856354,234
330,car,98.4962582588196,1363
331,car,99.2006361484528,3726
331,car,99.4743764400482,4536
331,car,99.3438839912415,6480
331,car,77.2259473800659,528
331,car,71.6996729373932,440
331,car,92.9653704166412,884
331,car,92.1857178211212,702
332,person,93.7238872051239,936
333,car,94.2726135253906,9240
333,car,91.2720263004303,1040
333,car,99.4502484798431,2263
333,car,90.4977679252624,1829
334,person,80.6836605072022,180
334,person,95.4871773719788,252
334,person,95.7164824008942,720
335,car,87.0793402194977,11919
335,car,99.7473001480102,9246
335,car,86.7631673812866,2409
335,car,65.6920611858368,156
336,truck,99.5959222316742,17750
336,car,99.7037172317505,16485
337,car,99.8393893241883,6731
337,car,99.060583114624,8648
338,car,99.5192527770996,29896
338,car,99.6909201145172,5340
338,car,99.0582942962646,10795
338,motorbike,73.8899350166321,2967
338,motorbike,89.4275069236755,4550
338,car,72.452700138092,72
338,car,76.4189124107361,380
338,car,97.8402376174927,224
338,car,94.4164633750916,546
338,car,98.2755064964294,1645
338,motorbike,67.8142070770264,1980
339,car,98.1070458889008,25704
339,car,99.3954837322235,8393
339,car,91.8096899986267,23600
339,car,81.3858330249786,315
339,car,88.226592540741,288
339,car,86.8865191936493,966
340,truck,67.4495100975037,12445
340,car,77.3463249206543,10935
340,car,79.1635870933533,289
340,car,80.5958986282349,120
340,car,64.5276129245758,221
340,car,77.8479814529419,462
340,car,64.6550416946411,460
340,car,80.7443797588348,952
340,car,96.5467870235443,1980
340,car,99.0746080875397,2688
341,car,75.7809221744537,130
341,car,97.8583931922913,1175
342,car,99.5731234550476,14148
342,car,63.9433205127716,324
342,car,74.7303545475006,88
343,car,99.7414231300354,26320
344,car,99.6937215328217,5160
344,person,96.6037571430207,2268
344,person,97.7796971797943,2291
344,person,97.6623952388763,3030
344,car,88.4241759777069,169
344,car,69.7288990020752,195
344,car,89.9306654930115,420
344,car,92.2059416770935,1584
345,traffic light,79.2971909046173,2829
345,car,99.3785917758942,8512
345,car,99.9239563941956,4550
345,car,99.0493953227997,2376
345,person,65.2368724346161,392
345,car,98.0761647224426,840
346,car,94.4387912750244,28161
346,car,98.8323211669922,3834
346,car,62.4686002731323,135
346,car,80.4601967334747,170
346,car,70.689731836319,196
346,car,84.4886898994446,408
346,car,98.0855107307434,2541
347,car,99.7563540935516,17760
347,car,91.5940880775452,3735
347,car,99.4430243968964,11375
347,car,65.9115850925446,5724
347,car,82.2775721549988,221
347,car,92.7984714508057,323
347,car,97.6292848587036,1029
347,car,96.1958527565002,980
348,motorbike,82.2206437587738,112
348,person,97.8076159954071,816
348,person,80.0361514091492,1320
349,,,
350,car,99.9010086059571,36540
350,car,98.8675892353058,4510
350,car,99.224716424942,224
350,car,62.0019972324371,240
350,car,64.1859889030457,1209
351,car,99.5907783508301,20720
351,car,99.4097650051117,7500
351,car,96.3330805301666,6160
351,car,73.5632836818695,182
351,car,91.2432909011841,196
351,car,96.9793975353241,336
351,car,96.7462182044983,924
351,car,99.4682013988495,2583
352,truck,98.9494621753693,22646
352,car,99.4642853736877,10854
352,car,93.0083274841309,4977
352,car,98.784863948822,24576
352,car,85.4585647583008,165
352,car,67.6715016365051,132
352,car,63.4909272193909,675
352,car,99.0114033222198,1320
353,car,83.3208858966827,3483
353,car,99.9549090862274,10425
353,person,99.8122215270996,5428
353,person,99.9026834964752,12544
353,car,96.1412012577057,15573
353,car,78.858757019043,132
353,car,85.8913898468018,88
353,car,98.60400557518,806
353,handbag,81.9978296756744,1480
354,car,99.754536151886,34662
354,car,99.2569088935852,43632
354,car,86.0551059246063,228
354,car,60.2391541004181,896
354,car,98.2918381690979,2205
354,car,60.766339302063,627
354,car,99.5997369289398,2436
355,car,97.0099329948425,37752
355,car,99.9155938625336,75425
355,fire hydrant,60.1168096065521,608
356,car,96.4727818965912,14742
356,car,98.1780529022217,5328
356,car,94.9991583824158,9405
356,car,97.7157592773438,1250
356,car,78.0981719493866,456
357,car,99.3089020252228,18150
357,truck,94.2773044109344,4425
357,car,99.9151766300201,6032
357,person,70.8326041698456,380
357,car,78.2821178436279,252
357,car,97.057580947876,1225
357,car,99.378103017807,2208
358,car,98.9202618598938,18144
358,car,97.3951160907745,3712
358,car,98.2937574386597,18870
358,car,95.494282245636,864
359,car,99.6569275856018,14946
359,car,99.3968188762665,21156
359,car,98.6265778541565,42120
359,car,98.7124383449554,3120
359,car,87.2177660465241,1080
359,car,97.7977693080902,2117
360,car,99.6472477912903,42984
360,car,98.8031208515167,3657
360,car,89.6679162979126,924
360,car,92.7257835865021,1372
360,car,98.7983644008636,1960
360,person,93.2569146156311,1794
361,car,98.031210899353,3675
361,car,99.7503519058228,9792
361,car,89.5548582077026,2360
361,car,66.1844730377197,99
362,car,97.3699867725373,31714
362,car,71.3779330253601,169
362,car,98.1820344924927,1224
363,car,99.0714013576508,25730
363,car,99.7165620326996,5925
364,car,99.8031616210938,24511
364,truck,87.8858864307404,45000
364,car,95.1476395130158,9380
364,car,74.3121445178986,156
364,car,63.1539762020111,255
364,car,95.6961214542389,1739
364,car,71.2638914585114,675
364,car,83.0805838108063,2200
364,car,94.2219078540802,1665
365,car,61.4755690097809,42
366,car,98.6832737922668,18084
366,car,80.0634860992432,4698
366,car,95.1564788818359,156
366,car,68.0771291255951,308
366,car,72.4010944366455,648
366,car,67.8284823894501,646
367,car,97.2155332565308,39930
367,car,99.2683827877045,11808
367,car,82.7825009822845,11476
367,car,66.3154900074005,154
367,car,67.5985515117645,143
367,car,62.8464221954346,224
367,car,86.0126376152039,729
367,car,72.4490702152252,480
367,car,97.6511657238007,2451
367,car,99.2050528526306,2340
368,truck,99.1117238998413,5695
368,car,98.4603226184845,4945
368,car,99.8679041862488,8662
368,car,98.7560987472534,22785
368,car,63.7962162494659,176
368,car,83.6710214614868,220
368,car,83.1466972827911,81
368,car,87.4594628810883,88
368,car,65.2437925338745,252
368,person,94.9425220489502,765
368,car,89.8102164268494,837
368,car,85.5831503868103,540
368,car,68.3815836906433,936
368,person,80.6466281414032,644
368,car,93.8072025775909,1920
369,truck,98.8299548625946,10148
369,person,99.0127205848694,3640
369,motorbike,72.4633038043976,130
369,car,77.010190486908,182
369,car,60.2519810199738,72
369,car,83.240669965744,156
369,car,73.9969372749329,210
369,car,65.7264411449432,224
369,motorbike,60.1345062255859,238
369,car,61.6102397441864,342
369,car,87.698233127594,918
369,car,81.2278509140015,728
369,motorbike,94.6871101856232,644
369,car,80.2879333496094,2300
370,car,99.4633078575134,3713
370,car,99.6658027172089,4950
370,car,97.2633183002472,22211
370,car,70.7726299762726,130
370,car,75.1026213169098,176
370,car,64.2165660858154,154
370,car,95.6976592540741,345
370,car,88.9048755168915,783
370,car,99.6551394462585,1961
371,car,99.477219581604,18720
371,car,90.0157690048218,4455
371,car,97.1819579601288,5589
371,car,70.2157974243164,1050
371,car,68.0731177330017,748
372,car,99.8028635978699,4048
372,car,77.6078283786774,2460
372,car,95.2684283256531,4968
372,car,99.4315445423126,6930
372,car,99.9098777770996,7904
372,car,99.0502595901489,13311
372,car,99.556976556778,1350
373,truck,86.1559927463532,7980
373,car,98.6398637294769,22962
373,car,66.8304204940796,322
374,car,98.2502341270447,3420
374,car,99.8965799808502,8480
374,car,77.3991465568543,308
374,car,78.7137985229492,418
374,car,89.1420543193817,285
374,car,71.9492673873901,364
374,motorbike,67.7672147750855,352
375,car,98.7315833568573,38502
375,motorbike,87.6902341842651,5025
375,car,98.9952802658081,9595
375,car,91.601973772049,15600
375,car,65.3780341148376,338
375,car,72.7461814880371,132
375,car,69.8828518390656,176
375,car,82.7628433704376,1271
375,car,99.3756949901581,2790
375,motorbike,66.6800498962402,2035
376,car,88.3325040340424,182
376,car,96.0212528705597,774
376,car,99.6263265609741,1184
376,person,72.3978638648987,290
377,car,76.9946217536926,3432
377,car,98.0037689208984,20895
377,car,91.1017417907715,156
377,car,70.1435029506683,56
377,car,97.6400971412659,391
378,motorbike,72.985166311264,140
378,car,88.8261914253235,156
378,car,95.853054523468,315
379,car,99.8492062091827,5757
379,car,97.5383102893829,1092
379,car,94.2158877849579,2400
380,car,99.346399307251,14484
380,car,99.0892469882965,52560
380,car,87.366783618927,272
380,car,87.2714877128601,725
380,car,98.30242395401,1974
381,car,95.8074152469635,680
381,car,99.0910708904266,1311
381,car,73.5059082508087,420
381,car,60.7071220874786,247
381,car,69.0673351287842,143
382,car,99.0280866622925,25090
382,car,93.8892602920532,4185
382,car,98.9579260349274,7296
382,car,99.1134345531464,15429
382,car,98.0274558067322,1276
382,car,87.2024238109589,609
382,car,98.5286593437195,2992
382,car,85.2965354919434,2220
383,car,99.8754322528839,16032
383,car,98.6147463321686,4332
383,car,88.3085489273071,6408
383,car,77.2362470626831,143
383,car,96.057939529419,391
383,car,84.0000033378601,1922
383,car,64.3385291099548,957
383,car,78.7226855754852,620
384,car,99.9774098396301,4320
384,car,74.5723724365234,1015
385,car,99.0139842033386,38038
385,car,99.9708831310272,3577
385,car,95.0664341449738,1344
385,car,92.8419888019562,875
385,car,94.6694850921631,988
385,car,98.131799697876,986
386,,,
387,car,99.687135219574,20160
387,car,99.5956301689148,4094
387,car,76.2602269649506,195
387,car,61.7306649684906,121
387,car,81.582635641098,1078
387,car,63.3467972278595,814
387,car,97.066342830658,1344
387,person,71.2647438049316,588
387,person,92.5018727779388,893
388,car,96.8525588512421,14175
388,car,99.7823536396027,22800
388,car,94.3046450614929,3600
388,car,76.6176581382751,4221
388,car,75.6890952587128,432
388,car,88.6718213558197,374
388,car,72.2617089748383,156
388,car,65.6258285045624,154
388,car,92.4632489681244,841
388,car,98.1018900871277,2752
389,car,69.3085193634033,195
389,car,82.8281819820404,168
389,car,78.8135468959808,88
389,car,61.226761341095,270
389,car,76.1818826198578,306
389,car,95.6034243106842,441
389,car,64.8447334766388,418
389,car,99.6610999107361,2014
390,fire hydrant,70.7333505153656,819
391,car,92.6066100597382,11375
391,car,96.3373780250549,26910
391,person,89.6258056163788,4524
391,car,97.3090648651123,8453
391,motorbike,93.3207929134369,3588
391,person,66.0010695457459,160
391,car,70.6566333770752,272
391,motorbike,94.8476850986481,315
391,car,96.5442061424255,621
391,car,96.2909460067749,361
391,motorbike,84.9850654602051,1176
391,car,99.0484118461609,1240
392,person,99.3063390254974,3900
392,person,97.8828310966492,4830
392,person,99.7535526752472,4551
392,person,99.5771586894989,3201
392,person,69.6808516979218,147
392,person,94.0362393856049,697
392,person,76.1663496494293,216
392,car,80.5129706859589,504
392,person,75.6559193134308,507
392,person,88.7895345687866,936
392,bicycle,81.4448475837708,703
393,person,99.3541538715362,11890
394,car,98.687481880188,27225
394,car,96.8685388565064,483
394,car,87.9563927650452,2028
394,car,99.6632635593415,1824
395,motorbike,97.1977949142456,14986
395,car,97.7348208427429,2430
395,car,98.1541514396668,2670
395,car,95.1700389385223,1725
395,car,97.4390983581543,1458
396,car,86.7243826389313,300
396,car,87.740433216095,121
396,person,76.5952885150909,736
396,person,93.9195394515991,684
396,person,77.2188246250153,666
396,car,95.0920879840851,494
396,car,98.5192835330963,875
396,person,98.8496720790863,735
397,,,
398,car,98.2244908809662,26271
398,car,97.8450000286103,11210
398,car,99.1595566272736,9150
398,car,99.4152963161468,21712
398,car,96.0032165050507,306
398,car,65.8908307552338,182
398,car,72.098982334137,252
398,car,82.1125090122223,1710
398,car,99.0634858608246,1225
398,car,60.2182269096375,775
398,car,99.2716431617737,1824
399,motorbike,85.9694361686707,5183
399,car,89.413195848465,1560
400,car,98.2988715171814,23004
400,car,99.5605647563935,30051
400,car,92.1500146389008,3996
400,car,98.4409093856812,4680
400,car,79.7999262809753,100
400,car,72.1382021903992,108
400,car,89.5593106746674,221
400,car,93.0021584033966,360
400,car,93.184107542038,1892
401,car,96.7079818248749,18700
401,car,99.7068762779236,4050
401,car,99.2695391178131,8736
401,car,86.9946360588074,3072
401,car,67.1944499015808,100
401,car,85.7829570770264,99
401,car,82.0093393325806,110
401,car,91.9604659080505,168
401,car,88.1178200244904,270
401,car,91.2568926811218,400
401,car,62.0422303676605,1188
401,car,98.7841486930847,1092
402,car,99.7245967388153,30264
402,car,97.8987395763397,6674
402,car,81.7114174365997,260
402,car,88.192355632782,442
402,car,64.8184061050415,672
402,car,92.0055270195007,828
403,car,99.971604347229,22454
404,car,99.66961145401,22005
404,traffic light,61.1233711242676,230
404,traffic light,94.2091882228851,286
404,person,82.7950119972229,228
404,car,84.7466289997101,578
404,car,65.6940042972565,774
404,car,88.479608297348,650
404,car,94.0991640090942,768
404,person,89.41570520401,663
405,truck,71.034836769104,756
405,car,95.9637403488159,1590
405,car,97.7919220924377,1300
405,person,93.0155992507935,1326
405,bicycle,86.2258851528168,900
406,car,98.4083354473114,16400
406,car,97.3479926586151,9435
406,car,95.6336915493012,2016
406,car,95.8292245864868,1512
407,car,97.0350384712219,12272
407,car,94.7726130485535,272
407,car,77.7853190898895,169
407,car,87.7141416072845,897
407,car,70.3097581863403,414
407,motorbike,63.5225057601929,286
408,person,88.1983995437622,4368
408,car,71.9043254852295,276
408,car,95.7116603851318,702
408,fire hydrant,61.6677939891815,300
409,car,99.4776606559753,22879
409,car,97.0374166965485,2079
410,car,97.8562116622925,41420
411,car,99.6636748313904,22347
411,car,99.4176864624023,3213
411,car,99.1328835487366,1131
412,car,72.0244944095612,228
412,person,68.6355412006378,230
412,person,72.455620765686,170
412,person,68.4689104557037,96
412,car,95.8383440971374,459
412,person,85.3713989257813,144
412,person,74.3964195251465,133
412,person,97.5618660449982,533
412,person,72.0886468887329,220
412,car,98.0642437934876,1036
412,person,86.8985593318939,1416
412,person,90.3051555156708,1064
413,car,90.9095525741577,1258
413,car,66.2009060382843,264
413,car,85.8006417751312,2160
413,person,81.7330718040466,663
414,car,99.1770148277283,36581
414,car,94.9360609054565,53664
414,car,97.2467005252838,6084
414,car,66.6421413421631,182
414,car,86.6483151912689,418
415,car,91.3333594799042,64
416,car,96.934986114502,17028
416,car,99.7778356075287,4692
416,car,61.5244209766388,117
416,car,71.522444486618,357
416,car,82.809329032898,270
416,car,90.3081357479096,196
416,car,96.607518196106,1995
416,car,95.8841621875763,957
417,,,
418,car,99.331396818161,30888
418,car,99.6822476387024,6272
419,car,71.0084915161133,99
419,car,92.8060233592987,504
419,car,97.4069774150848,696
420,stop sign,88.1722629070282,1189
420,car,94.5873618125916,285
420,car,69.731742143631,567
420,car,99.071741104126,2160
420,fire hydrant,63.6223316192627,900
421,car,99.8219132423401,12838
421,car,93.1500673294067,37440
421,car,99.2943167686462,10795
421,car,96.225118637085,400
421,car,99.2152988910675,1833
422,car,99.5293736457825,55380
422,car,96.6143667697906,40913
422,car,99.5738089084625,6497
422,car,93.3347880840302,400
422,car,84.9591016769409,182
422,car,81.8468332290649,260
422,car,78.163468837738,650
422,car,86.8545234203339,1482
423,car,96.8705117702484,300
424,truck,98.7341582775116,13970
424,car,96.829754114151,6720
424,car,91.337513923645,288
425,car,94.8339283466339,48503
425,car,67.0646607875824,120
425,car,90.9108579158783,165
425,car,87.9398763179779,168
425,car,98.210859298706,1080
425,fire hydrant,67.1626746654511,1950
426,car,75.2263724803925,360
426,car,62.0277464389801,225
426,car,77.6923775672913,294
426,car,77.9333293437958,154
426,motorbike,60.1060152053833,1792
426,car,85.5586528778076,1560
427,,,
428,car,99.9416768550873,29540
428,car,99.3750929832458,2925
429,car,99.7900247573852,4089
429,car,92.3716723918915,3256
429,car,99.5035946369171,8742
429,car,94.8625683784485,3198
429,car,68.6028063297272,156
429,car,66.1989510059357,192
429,car,77.4832606315613,272
429,car,86.6059064865112,483
429,car,65.9483194351196,224
429,car,95.7874238491058,918
429,car,69.9563205242157,1092
430,car,99.8505353927613,8700
430,person,99.7651398181915,3366
430,car,97.0909833908081,918
430,car,98.5555052757263,696
430,car,66.7423784732819,272
430,person,79.9839377403259,216
430,person,89.6486163139343,680
431,car,98.5181748867035,14280
431,car,86.7626070976257,3752
431,car,99.8533844947815,6030
431,car,96.9940662384033,272
431,car,93.3921277523041,702
431,car,90.4679119586945,675
431,car,63.1301820278168,903
432,car,99.7406542301178,3315
433,,,
434,truck,81.064760684967,4510
434,car,99.4234979152679,4056
434,car,99.6510744094849,6426
434,car,99.081027507782,6324
434,car,63.177227973938,56
434,car,72.9062378406525,144
434,car,94.8520362377167,156
434,car,76.9807994365692,208
435,car,98.8503992557526,56282
435,car,99.4960367679596,8140
435,car,95.2069401741028,12342
435,car,75.9429514408112,112
435,car,79.1577577590942,144
435,car,75.592452287674,323
435,car,61.4474713802338,425
435,car,77.4905443191528,2408
436,,,
437,person,99.125200510025,3069
437,car,89.674586057663,110
437,person,82.6155245304108,176
437,person,68.0241703987122,1386
438,car,97.7375328540802,26312
438,car,88.80695104599,1248
438,car,94.1534638404846,2256
439,car,99.9630987644196,8418
439,car,96.3213264942169,20196
439,car,94.1928148269653,1080
439,car,66.0095810890198,550
440,car,99.5969533920288,34760
440,person,95.7890093326569,1300
440,motorbike,67.4489855766296,378
441,bus,70.7316100597382,3886
442,car,99.7989237308502,34263
442,car,98.9839911460876,4455
443,car,94.4799840450287,11935
443,car,99.2973685264587,39963
443,car,84.816312789917,3444
443,car,91.7967200279236,10032
443,car,99.4590222835541,8614
443,car,93.4919714927673,400
443,car,97.7070868015289,800
443,car,93.5521900653839,1452
444,motorbike,98.2473611831665,14030
445,,,
446,car,99.7326910495758,4171
446,car,96.5739727020264,910
446,car,85.2899968624115,176
446,car,99.3481159210205,378
447,car,73.7993538379669,80
447,car,89.8379921913147,312
447,car,90.5721247196198,289
447,car,99.0516602993012,1210
448,,,
449,car,92.7595794200897,576
449,car,99.6846675872803,1862
450,motorbike,74.8741209506989,3713
450,car,86.3942563533783,864
450,car,95.452219247818,546
450,car,81.9676220417023,361
450,car,86.6705477237701,1750
451,bicycle,60.2056801319122,299
452,car,91.2996768951416,33708
452,car,97.673898935318,7979
452,car,88.298624753952,1242
453,car,98.9562332630158,41000
454,car,71.0826873779297,224
454,car,88.4886503219605,805
455,car,92.5690174102783,13516
455,car,91.6202902793884,140
455,car,86.6326451301575,1204
456,traffic light,91.0318613052368,1020
456,traffic light,89.4229233264923,1392
456,car,63.5656714439392,110
457,fire hydrant,65.8727705478668,240
